"SKU","Title"
"X16743","Benchmark Adelante Sistema de recurso para maestros Kindergarten - California Edition HTML"
"X16744","Benchmark Adelante Sistema de recursos para maestros Grado K Unidad 1 HTML"
"X16744","Benchmark Adelante Sistema de recursos para maestros Grado K Unidad 1 HTML"
"X16745","Benchmark Adelante Sistema de recursos para maestros Grado K Unidad 2 HTML"
"X16746","Benchmark Adelante Sistema de recursos para maestros Grado K Unidad 3 HTML"
"X16746","Benchmark Adelante Sistema de recursos para maestros Grado K Unidad 3 HTML"
"X16747","Benchmark Adelante Sistema de recursos para maestros Grado K Unidad 4 HTML"
"X16747","Benchmark Adelante Sistema de recursos para maestros Grado K Unidad 4 HTML"
"X16748","Benchmark Adelante Sistema de recursos para maestros Grado K Unidad 5 HTML"
"X16748","Benchmark Adelante Sistema de recursos para maestros Grado K Unidad 5 HTML"
"X16749","Benchmark Adelante Sistema de recursos para maestros Grado K Unidad 6 HTML"
"X16750","Benchmark Adelante Sistema de recursos para maestros Grado K Unidad 7 HTML"
"X16750","Benchmark Adelante Sistema de recursos para maestros Grado K Unidad 7 HTML"
"X16751","Benchmark Adelante Sistema de recursos para maestros Grado K Unidad 8 HTML"
"X16751","Benchmark Adelante Sistema de recursos para maestros Grado K Unidad 8 HTML"
"X16752","Benchmark Adelante Sistema de recursos para maestros Grado K Unidad 9 HTML"
"X16752","Benchmark Adelante Sistema de recursos para maestros Grado K Unidad 9 HTML"
"X16753","Benchmark Adelante Sistema de recursos para maestros Grado K Unidad 10 HTML"
"X16754","Benchmark Adelante Sistema de recursos para maestros Grado K Unidad 1 Semana 1 HTML"
"X16755","Benchmark Adelante Sistema de recursos para maestros Grado K Unidad 1 Semana 2 HTML"
"X16755","Benchmark Adelante Sistema de recursos para maestros Grado K Unidad 1 Semana 2 HTML"
"X16756","Benchmark Adelante Sistema de recursos para maestros Grado K Unidad 1 Semana 3 HTML"
"X16756","Benchmark Adelante Sistema de recursos para maestros Grado K Unidad 1 Semana 3 HTML"
"X16757","Benchmark Adelante Sistema de recursos para maestros Grado K Unidad 2 Semana 1 HTML"
"X16757","Benchmark Adelante Sistema de recursos para maestros Grado K Unidad 2 Semana 1 HTML"
"X16758","Benchmark Adelante Sistema de recursos para maestros Grado K Unidad 2 Semana 2 HTML"
"X16759","Benchmark Adelante Sistema de recursos para maestros Grado K Unidad 2 Semana 3 HTML"
"X16759","Benchmark Adelante Sistema de recursos para maestros Grado K Unidad 2 Semana 3 HTML"
"X16760","Benchmark Adelante Sistema de recursos para maestros Grado K Unidad 3 Semana 1 HTML"
"X16760","Benchmark Adelante Sistema de recursos para maestros Grado K Unidad 3 Semana 1 HTML"
"X16761","Benchmark Adelante Sistema de recursos para maestros Grado K Unidad 3 Semana 2 HTML"
"X16762","Benchmark Adelante Sistema de recursos para maestros Grado K Unidad 3 Semana 3 HTML"
"X16762","Benchmark Adelante Sistema de recursos para maestros Grado K Unidad 3 Semana 3 HTML"
"X16763","Benchmark Adelante Sistema de recursos para maestros Grado K Unidad 4 Semana 1 HTML"
"X16764","Benchmark Adelante Sistema de recursos para maestros Grado K Unidad 4 Semana 2 HTML"
"X16765","Benchmark Adelante Sistema de recursos para maestros Grado K Unidad 4 Semana 3 HTML"
"X16766","Benchmark Adelante Sistema de recursos para maestros Grado K Unidad 5 Semana 1 HTML"
"X16766","Benchmark Adelante Sistema de recursos para maestros Grado K Unidad 5 Semana 1 HTML"
"X16767","Benchmark Adelante Sistema de recursos para maestros Grado K Unidad 5 Semana 2 HTML"
"X16768","Benchmark Adelante Sistema de recursos para maestros Grado K Unidad 5 Semana 3 HTML"
"X16768","Benchmark Adelante Sistema de recursos para maestros Grado K Unidad 5 Semana 3 HTML"
"X16769","Benchmark Adelante Sistema de recursos para maestros Grado K Unidad 6 Semana 1 HTML"
"X16769","Benchmark Adelante Sistema de recursos para maestros Grado K Unidad 6 Semana 1 HTML"
"X16770","Benchmark Adelante Sistema de recursos para maestros Grado K Unidad 6 Semana 2 HTML"
"X16771","Benchmark Adelante Sistema de recursos para maestros Grado K Unidad 6 Semana 3 HTML"
"X16772","Benchmark Adelante Sistema de recursos para maestros Grado K Unidad 7 Semana 1 HTML"
"X16772","Benchmark Adelante Sistema de recursos para maestros Grado K Unidad 7 Semana 1 HTML"
"X16773","Benchmark Adelante Sistema de recursos para maestros Grado K Unidad 7 Semana 2 HTML"
"X16773","Benchmark Adelante Sistema de recursos para maestros Grado K Unidad 7 Semana 2 HTML"
"X16774","Benchmark Adelante Sistema de recursos para maestros Grado K Unidad 7 Semana 3 HTML"
"X16775","Benchmark Adelante Sistema de recursos para maestros Grado K Unidad 8 Semana 1 HTML"
"X16776","Benchmark Adelante Sistema de recursos para maestros Grado K Unidad 8 Semana 2 HTML"
"X16776","Benchmark Adelante Sistema de recursos para maestros Grado K Unidad 8 Semana 2 HTML"
"X16777","Benchmark Adelante Sistema de recursos para maestros Grado K Unidad 8 Semana 3 HTML"
"X16778","Benchmark Adelante Sistema de recursos para maestros Grado K Unidad 9 Semana 1 HTML"
"X16778","Benchmark Adelante Sistema de recursos para maestros Grado K Unidad 9 Semana 1 HTML"
"X16779","Benchmark Adelante Sistema de recursos para maestros Grado K Unidad 9 Semana 2 HTML"
"X16780","Benchmark Adelante Sistema de recursos para maestros Grado K Unidad 9 Semana 3 HTML"
"X16781","Benchmark Adelante Sistema de recursos para maestros Grado K Unidad 10 Semana 1 HTML"
"X16781","Benchmark Adelante Sistema de recursos para maestros Grado K Unidad 10 Semana 1 HTML"
"X16782","Benchmark Adelante Sistema de recursos para maestros Grado K Unidad 10 Semana 2 HTML"
"X16782","Benchmark Adelante Sistema de recursos para maestros Grado K Unidad 10 Semana 2 HTML"
"X16783","Benchmark Adelante Sistema de recursos para maestros Grado K Unidad 10 Semana 3 HTML"
"X16783","Benchmark Adelante Sistema de recursos para maestros Grado K Unidad 10 Semana 3 HTML"
"X16784","Benchmark Adelante Sistema de recurso para maestros Grade 1 - California Edition HTML"
"X16785","Benchmark Adelante Sistema de recursos para maestros Grado 1 Unidad 1 HTML"
"X16785","Benchmark Adelante Sistema de recursos para maestros Grado 1 Unidad 1 HTML"
"X16786","Benchmark Adelante Sistema de recursos para maestros Grado 1 Unidad 2 HTML"
"X16787","Benchmark Adelante Sistema de recursos para maestros Grado 1 Unidad 3 HTML"
"X16787","Benchmark Adelante Sistema de recursos para maestros Grado 1 Unidad 3 HTML"
"X16788","Benchmark Adelante Sistema de recursos para maestros Grado 1 Unidad 4 HTML"
"X16789","Benchmark Adelante Sistema de recursos para maestros Grado 1 Unidad 5 HTML"
"X16790","Benchmark Adelante Sistema de recursos para maestros Grado 1 Unidad 6 HTML"
"X16790","Benchmark Adelante Sistema de recursos para maestros Grado 1 Unidad 6 HTML"
"X16791","Benchmark Adelante Sistema de recursos para maestros Grado 1 Unidad 7 HTML"
"X16791","Benchmark Adelante Sistema de recursos para maestros Grado 1 Unidad 7 HTML"
"X16792","Benchmark Adelante Sistema de recursos para maestros Grado 1 Unidad 8 HTML"
"X16792","Benchmark Adelante Sistema de recursos para maestros Grado 1 Unidad 8 HTML"
"X16793","Benchmark Adelante Sistema de recursos para maestros Grado 1 Unidad 9 HTML"
"X16793","Benchmark Adelante Sistema de recursos para maestros Grado 1 Unidad 9 HTML"
"X16794","Benchmark Adelante Sistema de recursos para maestros Grado 1 Unidad 10 HTML"
"X16794","Benchmark Adelante Sistema de recursos para maestros Grado 1 Unidad 10 HTML"
"X16795","Benchmark Adelante Sistema de recursos para maestros Grado 1 Unidad 1 Semana 1 HTML"
"X16795","Benchmark Adelante Sistema de recursos para maestros Grado 1 Unidad 1 Semana 1 HTML"
"X16796","Benchmark Adelante Sistema de recursos para maestros Grado 1 Unidad 1 Semana 2 HTML"
"X16797","Benchmark Adelante Sistema de recursos para maestros Grado 1 Unidad 1 Semana 3 HTML"
"X16797","Benchmark Adelante Sistema de recursos para maestros Grado 1 Unidad 1 Semana 3 HTML"
"X16798","Benchmark Adelante Sistema de recursos para maestros Grado 1 Unidad 2 Semana 1 HTML"
"X16799","Benchmark Adelante Sistema de recursos para maestros Grado 1 Unidad 2 Semana 2 HTML"
"X16799","Benchmark Adelante Sistema de recursos para maestros Grado 1 Unidad 2 Semana 2 HTML"
"X16800","Benchmark Adelante Sistema de recursos para maestros Grado 1 Unidad 2 Semana 3 HTML"
"X16801","Benchmark Adelante Sistema de recursos para maestros Grado 1 Unidad 3 Semana 1 HTML"
"X16802","Benchmark Adelante Sistema de recursos para maestros Grado 1 Unidad 3 Semana 2 HTML"
"X16802","Benchmark Adelante Sistema de recursos para maestros Grado 1 Unidad 3 Semana 2 HTML"
"X16803","Benchmark Adelante Sistema de recursos para maestros Grado 1 Unidad 3 Semana 3 HTML"
"X16803","Benchmark Adelante Sistema de recursos para maestros Grado 1 Unidad 3 Semana 3 HTML"
"X16804","Benchmark Adelante Sistema de recursos para maestros Grado 1 Unidad 4 Semana 1 HTML"
"X16805","Benchmark Adelante Sistema de recursos para maestros Grado 1 Unidad 4 Semana 2 HTML"
"X16806","Benchmark Adelante Sistema de recursos para maestros Grado 1 Unidad 4 Semana 3 HTML"
"X16806","Benchmark Adelante Sistema de recursos para maestros Grado 1 Unidad 4 Semana 3 HTML"
"X16807","Benchmark Adelante Sistema de recursos para maestros Grado 1 Unidad 5 Semana 1 HTML"
"X16807","Benchmark Adelante Sistema de recursos para maestros Grado 1 Unidad 5 Semana 1 HTML"
"X16808","Benchmark Adelante Sistema de recursos para maestros Grado 1 Unidad 5 Semana 2 HTML"
"X16809","Benchmark Adelante Sistema de recursos para maestros Grado 1 Unidad 5 Semana 3 HTML"
"X16809","Benchmark Adelante Sistema de recursos para maestros Grado 1 Unidad 5 Semana 3 HTML"
"X16810","Benchmark Adelante Sistema de recursos para maestros Grado 1 Unidad 6 Semana 1 HTML"
"X16810","Benchmark Adelante Sistema de recursos para maestros Grado 1 Unidad 6 Semana 1 HTML"
"X16811","Benchmark Adelante Sistema de recursos para maestros Grado 1 Unidad 6 Semana 2 HTML"
"X16812","Benchmark Adelante Sistema de recursos para maestros Grado 1 Unidad 6 Semana 3 HTML"
"X16812","Benchmark Adelante Sistema de recursos para maestros Grado 1 Unidad 6 Semana 3 HTML"
"X16813","Benchmark Adelante Sistema de recursos para maestros Grado 1 Unidad 7 Semana 1 HTML"
"X16813","Benchmark Adelante Sistema de recursos para maestros Grado 1 Unidad 7 Semana 1 HTML"
"X16814","Benchmark Adelante Sistema de recursos para maestros Grado 1 Unidad 7 Semana 2 HTML"
"X16815","Benchmark Adelante Sistema de recursos para maestros Grado 1 Unidad 7 Semana 3 HTML"
"X16815","Benchmark Adelante Sistema de recursos para maestros Grado 1 Unidad 7 Semana 3 HTML"
"X16816","Benchmark Adelante Sistema de recursos para maestros Grado 1 Unidad 8 Semana 1 HTML"
"X16816","Benchmark Adelante Sistema de recursos para maestros Grado 1 Unidad 8 Semana 1 HTML"
"X16817","Benchmark Adelante Sistema de recursos para maestros Grado 1 Unidad 8 Semana 2 HTML"
"X16817","Benchmark Adelante Sistema de recursos para maestros Grado 1 Unidad 8 Semana 2 HTML"
"X16818","Benchmark Adelante Sistema de recursos para maestros Grado 1 Unidad 8 Semana 3 HTML"
"X16818","Benchmark Adelante Sistema de recursos para maestros Grado 1 Unidad 8 Semana 3 HTML"
"X16819","Benchmark Adelante Sistema de recursos para maestros Grado 1 Unidad 9 Semana 1 HTML"
"X16819","Benchmark Adelante Sistema de recursos para maestros Grado 1 Unidad 9 Semana 1 HTML"
"X16820","Benchmark Adelante Sistema de recursos para maestros Grado 1 Unidad 9 Semana 2 HTML"
"X16820","Benchmark Adelante Sistema de recursos para maestros Grado 1 Unidad 9 Semana 2 HTML"
"X16821","Benchmark Adelante Sistema de recursos para maestros Grado 1 Unidad 9 Semana 3 HTML"
"X16822","Benchmark Adelante Sistema de recursos para maestros Grado 1 Unidad 10 Semana 1 HTML"
"X16822","Benchmark Adelante Sistema de recursos para maestros Grado 1 Unidad 10 Semana 1 HTML"
"X16823","Benchmark Adelante Sistema de recursos para maestros Grado 1 Unidad 10 Semana 2 HTML"
"X16823","Benchmark Adelante Sistema de recursos para maestros Grado 1 Unidad 10 Semana 2 HTML"
"X16824","Benchmark Adelante Sistema de recursos para maestros Grado 1 Unidad 10 Semana 3 HTML"
"X16824","Benchmark Adelante Sistema de recursos para maestros Grado 1 Unidad 10 Semana 3 HTML"
"X16825","Benchmark Adelante Sistema de recurso para maestros Grade 2 - California Edition HTML"
"X16826","Benchmark Adelante Sistema de recursos para maestros Grado 2 Unidad 1 HTML"
"X16826","Benchmark Adelante Sistema de recursos para maestros Grado 2 Unidad 1 HTML"
"X16827","Benchmark Adelante Sistema de recursos para maestros Grado 2 Unidad 2 HTML"
"X16828","Benchmark Adelante Sistema de recursos para maestros Grado 2 Unidad 3 HTML"
"X16828","Benchmark Adelante Sistema de recursos para maestros Grado 2 Unidad 3 HTML"
"X16829","Benchmark Adelante Sistema de recursos para maestros Grado 2 Unidad 4 HTML"
"X16829","Benchmark Adelante Sistema de recursos para maestros Grado 2 Unidad 4 HTML"
"X16830","Benchmark Adelante Sistema de recursos para maestros Grado 2 Unidad 5 HTML"
"X16830","Benchmark Adelante Sistema de recursos para maestros Grado 2 Unidad 5 HTML"
"X16831","Benchmark Adelante Sistema de recursos para maestros Grado 2 Unidad 6 HTML"
"X16832","Benchmark Adelante Sistema de recursos para maestros Grado 2 Unidad 7 HTML"
"X16832","Benchmark Adelante Sistema de recursos para maestros Grado 2 Unidad 7 HTML"
"X16833","Benchmark Adelante Sistema de recursos para maestros Grado 2 Unidad 8 HTML"
"X16833","Benchmark Adelante Sistema de recursos para maestros Grado 2 Unidad 8 HTML"
"X16834","Benchmark Adelante Sistema de recursos para maestros Grado 2 Unidad 9 HTML"
"X16834","Benchmark Adelante Sistema de recursos para maestros Grado 2 Unidad 9 HTML"
"X16835","Benchmark Adelante Sistema de recursos para maestros Grado 2 Unidad 10 HTML"
"X16835","Benchmark Adelante Sistema de recursos para maestros Grado 2 Unidad 10 HTML"
"X16836","Benchmark Adelante Sistema de recursos para maestros Grado 2 Unidad 1 Semana 1 HTML"
"X16836","Benchmark Adelante Sistema de recursos para maestros Grado 2 Unidad 1 Semana 1 HTML"
"X16837","Benchmark Adelante Sistema de recursos para maestros Grado 2 Unidad 1 Semana 2 HTML"
"X16838","Benchmark Adelante Sistema de recursos para maestros Grado 2 Unidad 1 Semana 3 HTML"
"X16839","Benchmark Adelante Sistema de recursos para maestros Grado 2 Unidad 2 Semana 1 HTML"
"X16840","Benchmark Adelante Sistema de recursos para maestros Grado 2 Unidad 2 Semana 2 HTML"
"X16841","Benchmark Adelante Sistema de recursos para maestros Grado 2 Unidad 2 Semana 3 HTML"
"X16841","Benchmark Adelante Sistema de recursos para maestros Grado 2 Unidad 2 Semana 3 HTML"
"X16842","Benchmark Adelante Sistema de recursos para maestros Grado 2 Unidad 3 Semana 1 HTML"
"X16843","Benchmark Adelante Sistema de recursos para maestros Grado 2 Unidad 3 Semana 2 HTML"
"X16843","Benchmark Adelante Sistema de recursos para maestros Grado 2 Unidad 3 Semana 2 HTML"
"X16844","Benchmark Adelante Sistema de recursos para maestros Grado 2 Unidad 3 Semana 3 HTML"
"X16844","Benchmark Adelante Sistema de recursos para maestros Grado 2 Unidad 3 Semana 3 HTML"
"X16845","Benchmark Adelante Sistema de recursos para maestros Grado 2 Unidad 4 Semana 1 HTML"
"X16845","Benchmark Adelante Sistema de recursos para maestros Grado 2 Unidad 4 Semana 1 HTML"
"X16846","Benchmark Adelante Sistema de recursos para maestros Grado 2 Unidad 4 Semana 2 HTML"
"X16846","Benchmark Adelante Sistema de recursos para maestros Grado 2 Unidad 4 Semana 2 HTML"
"X16847","Benchmark Adelante Sistema de recursos para maestros Grado 2 Unidad 4 Semana 3 HTML"
"X16847","Benchmark Adelante Sistema de recursos para maestros Grado 2 Unidad 4 Semana 3 HTML"
"X16848","Benchmark Adelante Sistema de recursos para maestros Grado 2 Unidad 5 Semana 1 HTML"
"X16848","Benchmark Adelante Sistema de recursos para maestros Grado 2 Unidad 5 Semana 1 HTML"
"X16849","Benchmark Adelante Sistema de recursos para maestros Grado 2 Unidad 5 Semana 2 HTML"
"X16849","Benchmark Adelante Sistema de recursos para maestros Grado 2 Unidad 5 Semana 2 HTML"
"X16850","Benchmark Adelante Sistema de recursos para maestros Grado 2 Unidad 5 Semana 3 HTML"
"X16851","Benchmark Adelante Sistema de recursos para maestros Grado 2 Unidad 6 Semana 1 HTML"
"X16851","Benchmark Adelante Sistema de recursos para maestros Grado 2 Unidad 6 Semana 1 HTML"
"X16852","Benchmark Adelante Sistema de recursos para maestros Grado 2 Unidad 6 Semana 2 HTML"
"X16852","Benchmark Adelante Sistema de recursos para maestros Grado 2 Unidad 6 Semana 2 HTML"
"X16853","Benchmark Adelante Sistema de recursos para maestros Grado 2 Unidad 6 Semana 3 HTML"
"X16853","Benchmark Adelante Sistema de recursos para maestros Grado 2 Unidad 6 Semana 3 HTML"
"X16854","Benchmark Adelante Sistema de recursos para maestros Grado 2 Unidad 7 Semana 1 HTML"
"X16854","Benchmark Adelante Sistema de recursos para maestros Grado 2 Unidad 7 Semana 1 HTML"
"X16855","Benchmark Adelante Sistema de recursos para maestros Grado 2 Unidad 7 Semana 2 HTML"
"X16855","Benchmark Adelante Sistema de recursos para maestros Grado 2 Unidad 7 Semana 2 HTML"
"X16856","Benchmark Adelante Sistema de recursos para maestros Grado 2 Unidad 7 Semana 3 HTML"
"X16856","Benchmark Adelante Sistema de recursos para maestros Grado 2 Unidad 7 Semana 3 HTML"
"X16857","Benchmark Adelante Sistema de recursos para maestros Grado 2 Unidad 8 Semana 1 HTML"
"X16858","Benchmark Adelante Sistema de recursos para maestros Grado 2 Unidad 8 Semana 2 HTML"
"X16858","Benchmark Adelante Sistema de recursos para maestros Grado 2 Unidad 8 Semana 2 HTML"
"X16859","Benchmark Adelante Sistema de recursos para maestros Grado 2 Unidad 8 Semana 3 HTML"
"X16860","Benchmark Adelante Sistema de recursos para maestros Grado 2 Unidad 9 Semana 1 HTML"
"X16860","Benchmark Adelante Sistema de recursos para maestros Grado 2 Unidad 9 Semana 1 HTML"
"X16861","Benchmark Adelante Sistema de recursos para maestros Grado 2 Unidad 9 Semana 2 HTML"
"X16861","Benchmark Adelante Sistema de recursos para maestros Grado 2 Unidad 9 Semana 2 HTML"
"X16862","Benchmark Adelante Sistema de recursos para maestros Grado 2 Unidad 9 Semana 3 HTML"
"X16863","Benchmark Adelante Sistema de recursos para maestros Grado 2 Unidad 10 Semana 1 HTML"
"X16863","Benchmark Adelante Sistema de recursos para maestros Grado 2 Unidad 10 Semana 1 HTML"
"X16864","Benchmark Adelante Sistema de recursos para maestros Grado 2 Unidad 10 Semana 2 HTML"
"X16864","Benchmark Adelante Sistema de recursos para maestros Grado 2 Unidad 10 Semana 2 HTML"
"X16865","Benchmark Adelante Sistema de recursos para maestros Grado 2 Unidad 10 Semana 3 HTML"
"X16865","Benchmark Adelante Sistema de recursos para maestros Grado 2 Unidad 10 Semana 3 HTML"
"X16866","Benchmark Adelante Sistema de recurso para maestros Grade 3 - California Edition HTML"
"X16867","Benchmark Adelante Sistema de recursos para maestros Grado 3 Unidad 1 HTML"
"X16867","Benchmark Adelante Sistema de recursos para maestros Grado 3 Unidad 1 HTML"
"X16868","Benchmark Adelante Sistema de recursos para maestros Grado 3 Unidad 2 HTML"
"X16868","Benchmark Adelante Sistema de recursos para maestros Grado 3 Unidad 2 HTML"
"X16869","Benchmark Adelante Sistema de recursos para maestros Grado 3 Unidad 3 HTML"
"X16869","Benchmark Adelante Sistema de recursos para maestros Grado 3 Unidad 3 HTML"
"X16870","Benchmark Adelante Sistema de recursos para maestros Grado 3 Unidad 4 HTML"
"X16870","Benchmark Adelante Sistema de recursos para maestros Grado 3 Unidad 4 HTML"
"X16871","Benchmark Adelante Sistema de recursos para maestros Grado 3 Unidad 5 HTML"
"X16872","Benchmark Adelante Sistema de recursos para maestros Grado 3 Unidad 6 HTML"
"X16872","Benchmark Adelante Sistema de recursos para maestros Grado 3 Unidad 6 HTML"
"X16873","Benchmark Adelante Sistema de recursos para maestros Grado 3 Unidad 7 HTML"
"X16873","Benchmark Adelante Sistema de recursos para maestros Grado 3 Unidad 7 HTML"
"X16874","Benchmark Adelante Sistema de recursos para maestros Grado 3 Unidad 8 HTML"
"X16874","Benchmark Adelante Sistema de recursos para maestros Grado 3 Unidad 8 HTML"
"X16875","Benchmark Adelante Sistema de recursos para maestros Grado 3 Unidad 9 HTML"
"X16875","Benchmark Adelante Sistema de recursos para maestros Grado 3 Unidad 9 HTML"
"X16876","Benchmark Adelante Sistema de recursos para maestros Grado 3 Unidad 10 HTML"
"X16876","Benchmark Adelante Sistema de recursos para maestros Grado 3 Unidad 10 HTML"
"X16877","Benchmark Adelante Sistema de recursos para maestros Grado 3 Unidad 1 Semana 1 HTML"
"X16878","Benchmark Adelante Sistema de recursos para maestros Grado 3 Unidad 1 Semana 2 HTML"
"X16878","Benchmark Adelante Sistema de recursos para maestros Grado 3 Unidad 1 Semana 2 HTML"
"X16879","Benchmark Adelante Sistema de recursos para maestros Grado 3 Unidad 1 Semana 3 HTML"
"X16880","Benchmark Adelante Sistema de recursos para maestros Grado 3 Unidad 2 Semana 1 HTML"
"X16880","Benchmark Adelante Sistema de recursos para maestros Grado 3 Unidad 2 Semana 1 HTML"
"X16881","Benchmark Adelante Sistema de recursos para maestros Grado 3 Unidad 2 Semana 2 HTML"
"X16881","Benchmark Adelante Sistema de recursos para maestros Grado 3 Unidad 2 Semana 2 HTML"
"X16882","Benchmark Adelante Sistema de recursos para maestros Grado 3 Unidad 2 Semana 3 HTML"
"X16882","Benchmark Adelante Sistema de recursos para maestros Grado 3 Unidad 2 Semana 3 HTML"
"X16883","Benchmark Adelante Sistema de recursos para maestros Grado 3 Unidad 3 Semana 1 HTML"
"X16883","Benchmark Adelante Sistema de recursos para maestros Grado 3 Unidad 3 Semana 1 HTML"
"X16884","Benchmark Adelante Sistema de recursos para maestros Grado 3 Unidad 3 Semana 2 HTML"
"X16885","Benchmark Adelante Sistema de recursos para maestros Grado 3 Unidad 3 Semana 3 HTML"
"X16885","Benchmark Adelante Sistema de recursos para maestros Grado 3 Unidad 3 Semana 3 HTML"
"X16886","Benchmark Adelante Sistema de recursos para maestros Grado 3 Unidad 4 Semana 1 HTML"
"X16886","Benchmark Adelante Sistema de recursos para maestros Grado 3 Unidad 4 Semana 1 HTML"
"X16887","Benchmark Adelante Sistema de recursos para maestros Grado 3 Unidad 4 Semana 2 HTML"
"X16887","Benchmark Adelante Sistema de recursos para maestros Grado 3 Unidad 4 Semana 2 HTML"
"X16888","Benchmark Adelante Sistema de recursos para maestros Grado 3 Unidad 4 Semana 3 HTML"
"X16888","Benchmark Adelante Sistema de recursos para maestros Grado 3 Unidad 4 Semana 3 HTML"
"X16889","Benchmark Adelante Sistema de recursos para maestros Grado 3 Unidad 5 Semana 1 HTML"
"X16889","Benchmark Adelante Sistema de recursos para maestros Grado 3 Unidad 5 Semana 1 HTML"
"X16890","Benchmark Adelante Sistema de recursos para maestros Grado 3 Unidad 5 Semana 2 HTML"
"X16890","Benchmark Adelante Sistema de recursos para maestros Grado 3 Unidad 5 Semana 2 HTML"
"X16891","Benchmark Adelante Sistema de recursos para maestros Grado 3 Unidad 5 Semana 3 HTML"
"X16891","Benchmark Adelante Sistema de recursos para maestros Grado 3 Unidad 5 Semana 3 HTML"
"X16892","Benchmark Adelante Sistema de recursos para maestros Grado 3 Unidad 6 Semana 1 HTML"
"X16893","Benchmark Adelante Sistema de recursos para maestros Grado 3 Unidad 6 Semana 2 HTML"
"X16893","Benchmark Adelante Sistema de recursos para maestros Grado 3 Unidad 6 Semana 2 HTML"
"X16894","Benchmark Adelante Sistema de recursos para maestros Grado 3 Unidad 6 Semana 3 HTML"
"X16894","Benchmark Adelante Sistema de recursos para maestros Grado 3 Unidad 6 Semana 3 HTML"
"X16895","Benchmark Adelante Sistema de recursos para maestros Grado 3 Unidad 7 Semana 1 HTML"
"X16895","Benchmark Adelante Sistema de recursos para maestros Grado 3 Unidad 7 Semana 1 HTML"
"X16896","Benchmark Adelante Sistema de recursos para maestros Grado 3 Unidad 7 Semana 2 HTML"
"X16897","Benchmark Adelante Sistema de recursos para maestros Grado 3 Unidad 7 Semana 3 HTML"
"X16897","Benchmark Adelante Sistema de recursos para maestros Grado 3 Unidad 7 Semana 3 HTML"
"X16898","Benchmark Adelante Sistema de recursos para maestros Grado 3 Unidad 8 Semana 1 HTML"
"X16899","Benchmark Adelante Sistema de recursos para maestros Grado 3 Unidad 8 Semana 2 HTML"
"X16899","Benchmark Adelante Sistema de recursos para maestros Grado 3 Unidad 8 Semana 2 HTML"
"X16900","Benchmark Adelante Sistema de recursos para maestros Grado 3 Unidad 8 Semana 3 HTML"
"X16900","Benchmark Adelante Sistema de recursos para maestros Grado 3 Unidad 8 Semana 3 HTML"
"X16901","Benchmark Adelante Sistema de recursos para maestros Grado 3 Unidad 9 Semana 1 HTML"
"X16901","Benchmark Adelante Sistema de recursos para maestros Grado 3 Unidad 9 Semana 1 HTML"
"X16902","Benchmark Adelante Sistema de recursos para maestros Grado 3 Unidad 9 Semana 2 HTML"
"X16902","Benchmark Adelante Sistema de recursos para maestros Grado 3 Unidad 9 Semana 2 HTML"
"X16903","Benchmark Adelante Sistema de recursos para maestros Grado 3 Unidad 9 Semana 3 HTML"
"X16903","Benchmark Adelante Sistema de recursos para maestros Grado 3 Unidad 9 Semana 3 HTML"
"X16904","Benchmark Adelante Sistema de recursos para maestros Grado 3 Unidad 10 Semana 1 HTML"
"X16905","Benchmark Adelante Sistema de recursos para maestros Grado 3 Unidad 10 Semana 2 HTML"
"X16906","Benchmark Adelante Sistema de recursos para maestros Grado 3 Unidad 10 Semana 3 HTML"
"X16906","Benchmark Adelante Sistema de recursos para maestros Grado 3 Unidad 10 Semana 3 HTML"
"X16907","Benchmark Adelante Sistema de recurso para maestros Grade 4 - California Edition HTML"
"X16907","Benchmark Adelante Sistema de recurso para maestros Grade 4 - California Edition HTML"
"X16908","Benchmark Adelante Sistema de recursos para maestros Grado 4 Unidad 1 HTML"
"X16908","Benchmark Adelante Sistema de recursos para maestros Grado 4 Unidad 1 HTML"
"X16909","Benchmark Adelante Sistema de recursos para maestros Grado 4 Unidad 2 HTML"
"X16910","Benchmark Adelante Sistema de recursos para maestros Grado 4 Unidad 3 HTML"
"X16910","Benchmark Adelante Sistema de recursos para maestros Grado 4 Unidad 3 HTML"
"X16911","Benchmark Adelante Sistema de recursos para maestros Grado 4 Unidad 4 HTML"
"X16911","Benchmark Adelante Sistema de recursos para maestros Grado 4 Unidad 4 HTML"
"X16912","Benchmark Adelante Sistema de recursos para maestros Grado 4 Unidad 5 HTML"
"X16912","Benchmark Adelante Sistema de recursos para maestros Grado 4 Unidad 5 HTML"
"X16913","Benchmark Adelante Sistema de recursos para maestros Grado 4 Unidad 6 HTML"
"X16913","Benchmark Adelante Sistema de recursos para maestros Grado 4 Unidad 6 HTML"
"X16914","Benchmark Adelante Sistema de recursos para maestros Grado 4 Unidad 7 HTML"
"X16914","Benchmark Adelante Sistema de recursos para maestros Grado 4 Unidad 7 HTML"
"X16915","Benchmark Adelante Sistema de recursos para maestros Grado 4 Unidad 8 HTML"
"X16915","Benchmark Adelante Sistema de recursos para maestros Grado 4 Unidad 8 HTML"
"X16916","Benchmark Adelante Sistema de recursos para maestros Grado 4 Unidad 9 HTML"
"X16916","Benchmark Adelante Sistema de recursos para maestros Grado 4 Unidad 9 HTML"
"X16917","Benchmark Adelante Sistema de recursos para maestros Grado 4 Unidad 10 HTML"
"X16918","Benchmark Adelante Sistema de recursos para maestros Grado 4 Unidad 1 Semana 1 HTML"
"X16918","Benchmark Adelante Sistema de recursos para maestros Grado 4 Unidad 1 Semana 1 HTML"
"X16919","Benchmark Adelante Sistema de recursos para maestros Grado 4 Unidad 1 Semana 2 HTML"
"X16919","Benchmark Adelante Sistema de recursos para maestros Grado 4 Unidad 1 Semana 2 HTML"
"X16920","Benchmark Adelante Sistema de recursos para maestros Grado 4 Unidad 1 Semana 3 HTML"
"X16920","Benchmark Adelante Sistema de recursos para maestros Grado 4 Unidad 1 Semana 3 HTML"
"X16921","Benchmark Adelante Sistema de recursos para maestros Grado 4 Unidad 2 Semana 1 HTML"
"X16921","Benchmark Adelante Sistema de recursos para maestros Grado 4 Unidad 2 Semana 1 HTML"
"X16922","Benchmark Adelante Sistema de recursos para maestros Grado 4 Unidad 2 Semana 2 HTML"
"X16923","Benchmark Adelante Sistema de recursos para maestros Grado 4 Unidad 2 Semana 3 HTML"
"X16923","Benchmark Adelante Sistema de recursos para maestros Grado 4 Unidad 2 Semana 3 HTML"
"X16924","Benchmark Adelante Sistema de recursos para maestros Grado 4 Unidad 3 Semana 1 HTML"
"X16924","Benchmark Adelante Sistema de recursos para maestros Grado 4 Unidad 3 Semana 1 HTML"
"X16925","Benchmark Adelante Sistema de recursos para maestros Grado 4 Unidad 3 Semana 2 HTML"
"X16925","Benchmark Adelante Sistema de recursos para maestros Grado 4 Unidad 3 Semana 2 HTML"
"X16926","Benchmark Adelante Sistema de recursos para maestros Grado 4 Unidad 3 Semana 3 HTML"
"X16927","Benchmark Adelante Sistema de recursos para maestros Grado 4 Unidad 4 Semana 1 HTML"
"X16927","Benchmark Adelante Sistema de recursos para maestros Grado 4 Unidad 4 Semana 1 HTML"
"X16928","Benchmark Adelante Sistema de recursos para maestros Grado 4 Unidad 4 Semana 2 HTML"
"X16928","Benchmark Adelante Sistema de recursos para maestros Grado 4 Unidad 4 Semana 2 HTML"
"X16929","Benchmark Adelante Sistema de recursos para maestros Grado 4 Unidad 4 Semana 3 HTML"
"X16930","Benchmark Adelante Sistema de recursos para maestros Grado 4 Unidad 5 Semana 1 HTML"
"X16930","Benchmark Adelante Sistema de recursos para maestros Grado 4 Unidad 5 Semana 1 HTML"
"X16931","Benchmark Adelante Sistema de recursos para maestros Grado 4 Unidad 5 Semana 2 HTML"
"X16931","Benchmark Adelante Sistema de recursos para maestros Grado 4 Unidad 5 Semana 2 HTML"
"X16932","Benchmark Adelante Sistema de recursos para maestros Grado 4 Unidad 5 Semana 3 HTML"
"X16932","Benchmark Adelante Sistema de recursos para maestros Grado 4 Unidad 5 Semana 3 HTML"
"X16933","Benchmark Adelante Sistema de recursos para maestros Grado 4 Unidad 6 Semana 1 HTML"
"X16933","Benchmark Adelante Sistema de recursos para maestros Grado 4 Unidad 6 Semana 1 HTML"
"X16934","Benchmark Adelante Sistema de recursos para maestros Grado 4 Unidad 6 Semana 2 HTML"
"X16934","Benchmark Adelante Sistema de recursos para maestros Grado 4 Unidad 6 Semana 2 HTML"
"X16935","Benchmark Adelante Sistema de recursos para maestros Grado 4 Unidad 6 Semana 3 HTML"
"X16935","Benchmark Adelante Sistema de recursos para maestros Grado 4 Unidad 6 Semana 3 HTML"
"X16936","Benchmark Adelante Sistema de recursos para maestros Grado 4 Unidad 7 Semana 1 HTML"
"X16937","Benchmark Adelante Sistema de recursos para maestros Grado 4 Unidad 7 Semana 2 HTML"
"X16938","Benchmark Adelante Sistema de recursos para maestros Grado 4 Unidad 7 Semana 3 HTML"
"X16939","Benchmark Adelante Sistema de recursos para maestros Grado 4 Unidad 8 Semana 1 HTML"
"X16939","Benchmark Adelante Sistema de recursos para maestros Grado 4 Unidad 8 Semana 1 HTML"
"X16940","Benchmark Adelante Sistema de recursos para maestros Grado 4 Unidad 8 Semana 2 HTML"
"X16940","Benchmark Adelante Sistema de recursos para maestros Grado 4 Unidad 8 Semana 2 HTML"
"X16941","Benchmark Adelante Sistema de recursos para maestros Grado 4 Unidad 8 Semana 3 HTML"
"X16941","Benchmark Adelante Sistema de recursos para maestros Grado 4 Unidad 8 Semana 3 HTML"
"X16942","Benchmark Adelante Sistema de recursos para maestros Grado 4 Unidad 9 Semana 1 HTML"
"X16942","Benchmark Adelante Sistema de recursos para maestros Grado 4 Unidad 9 Semana 1 HTML"
"X16943","Benchmark Adelante Sistema de recursos para maestros Grado 4 Unidad 9 Semana 2 HTML"
"X16944","Benchmark Adelante Sistema de recursos para maestros Grado 4 Unidad 9 Semana 3 HTML"
"X16944","Benchmark Adelante Sistema de recursos para maestros Grado 4 Unidad 9 Semana 3 HTML"
"X16945","Benchmark Adelante Sistema de recursos para maestros Grado 4 Unidad 10 Semana 1 HTML"
"X16945","Benchmark Adelante Sistema de recursos para maestros Grado 4 Unidad 10 Semana 1 HTML"
"X16946","Benchmark Adelante Sistema de recursos para maestros Grado 4 Unidad 10 Semana 2 HTML"
"X16946","Benchmark Adelante Sistema de recursos para maestros Grado 4 Unidad 10 Semana 2 HTML"
"X16947","Benchmark Adelante Sistema de recursos para maestros Grado 4 Unidad 10 Semana 3 HTML"
"X16948","Benchmark Adelante Sistema de recurso para maestros Grade 5 - California Edition HTML"
"X16948","Benchmark Adelante Sistema de recurso para maestros Grade 5 - California Edition HTML"
"X16949","Benchmark Adelante Sistema de recursos para maestros Grado 5 Unidad 1 HTML"
"X16949","Benchmark Adelante Sistema de recursos para maestros Grado 5 Unidad 1 HTML"
"X16950","Benchmark Adelante Sistema de recursos para maestros Grado 5 Unidad 2 HTML"
"X16950","Benchmark Adelante Sistema de recursos para maestros Grado 5 Unidad 2 HTML"
"X16951","Benchmark Adelante Sistema de recursos para maestros Grado 5 Unidad 3 HTML"
"X16951","Benchmark Adelante Sistema de recursos para maestros Grado 5 Unidad 3 HTML"
"X16952","Benchmark Adelante Sistema de recursos para maestros Grado 5 Unidad 4 HTML"
"X16952","Benchmark Adelante Sistema de recursos para maestros Grado 5 Unidad 4 HTML"
"X16953","Benchmark Adelante Sistema de recursos para maestros Grado 5 Unidad 5 HTML"
"X16953","Benchmark Adelante Sistema de recursos para maestros Grado 5 Unidad 5 HTML"
"X16954","Benchmark Adelante Sistema de recursos para maestros Grado 5 Unidad 6 HTML"
"X16954","Benchmark Adelante Sistema de recursos para maestros Grado 5 Unidad 6 HTML"
"X16955","Benchmark Adelante Sistema de recursos para maestros Grado 5 Unidad 7 HTML"
"X16955","Benchmark Adelante Sistema de recursos para maestros Grado 5 Unidad 7 HTML"
"X16956","Benchmark Adelante Sistema de recursos para maestros Grado 5 Unidad 8 HTML"
"X16957","Benchmark Adelante Sistema de recursos para maestros Grado 5 Unidad 9 HTML"
"X16957","Benchmark Adelante Sistema de recursos para maestros Grado 5 Unidad 9 HTML"
"X16958","Benchmark Adelante Sistema de recursos para maestros Grado 5 Unidad 10 HTML"
"X16958","Benchmark Adelante Sistema de recursos para maestros Grado 5 Unidad 10 HTML"
"X16959","Benchmark Adelante Sistema de recursos para maestros Grado 5 Unidad 1 Semana 1 HTML"
"X16959","Benchmark Adelante Sistema de recursos para maestros Grado 5 Unidad 1 Semana 1 HTML"
"X16960","Benchmark Adelante Sistema de recursos para maestros Grado 5 Unidad 1 Semana 2 HTML"
"X16961","Benchmark Adelante Sistema de recursos para maestros Grado 5 Unidad 1 Semana 3 HTML"
"X16961","Benchmark Adelante Sistema de recursos para maestros Grado 5 Unidad 1 Semana 3 HTML"
"X16962","Benchmark Adelante Sistema de recursos para maestros Grado 5 Unidad 2 Semana 1 HTML"
"X16962","Benchmark Adelante Sistema de recursos para maestros Grado 5 Unidad 2 Semana 1 HTML"
"X16963","Benchmark Adelante Sistema de recursos para maestros Grado 5 Unidad 2 Semana 2 HTML"
"X16963","Benchmark Adelante Sistema de recursos para maestros Grado 5 Unidad 2 Semana 2 HTML"
"X16964","Benchmark Adelante Sistema de recursos para maestros Grado 5 Unidad 2 Semana 3 HTML"
"X16965","Benchmark Adelante Sistema de recursos para maestros Grado 5 Unidad 3 Semana 1 HTML"
"X16966","Benchmark Adelante Sistema de recursos para maestros Grado 5 Unidad 3 Semana 2 HTML"
"X16966","Benchmark Adelante Sistema de recursos para maestros Grado 5 Unidad 3 Semana 2 HTML"
"X16967","Benchmark Adelante Sistema de recursos para maestros Grado 5 Unidad 3 Semana 3 HTML"
"X16967","Benchmark Adelante Sistema de recursos para maestros Grado 5 Unidad 3 Semana 3 HTML"
"X16968","Benchmark Adelante Sistema de recursos para maestros Grado 5 Unidad 4 Semana 1 HTML"
"X16968","Benchmark Adelante Sistema de recursos para maestros Grado 5 Unidad 4 Semana 1 HTML"
"X16969","Benchmark Adelante Sistema de recursos para maestros Grado 5 Unidad 4 Semana 2 HTML"
"X16969","Benchmark Adelante Sistema de recursos para maestros Grado 5 Unidad 4 Semana 2 HTML"
"X16970","Benchmark Adelante Sistema de recursos para maestros Grado 5 Unidad 4 Semana 3 HTML"
"X16970","Benchmark Adelante Sistema de recursos para maestros Grado 5 Unidad 4 Semana 3 HTML"
"X16971","Benchmark Adelante Sistema de recursos para maestros Grado 5 Unidad 5 Semana 1 HTML"
"X16971","Benchmark Adelante Sistema de recursos para maestros Grado 5 Unidad 5 Semana 1 HTML"
"X16972","Benchmark Adelante Sistema de recursos para maestros Grado 5 Unidad 5 Semana 2 HTML"
"X16972","Benchmark Adelante Sistema de recursos para maestros Grado 5 Unidad 5 Semana 2 HTML"
"X16973","Benchmark Adelante Sistema de recursos para maestros Grado 5 Unidad 5 Semana 3 HTML"
"X16973","Benchmark Adelante Sistema de recursos para maestros Grado 5 Unidad 5 Semana 3 HTML"
"X16974","Benchmark Adelante Sistema de recursos para maestros Grado 5 Unidad 6 Semana 1 HTML"
"X16975","Benchmark Adelante Sistema de recursos para maestros Grado 5 Unidad 6 Semana 2 HTML"
"X16975","Benchmark Adelante Sistema de recursos para maestros Grado 5 Unidad 6 Semana 2 HTML"
"X16976","Benchmark Adelante Sistema de recursos para maestros Grado 5 Unidad 6 Semana 3 HTML"
"X16976","Benchmark Adelante Sistema de recursos para maestros Grado 5 Unidad 6 Semana 3 HTML"
"X16977","Benchmark Adelante Sistema de recursos para maestros Grado 5 Unidad 7 Semana 1 HTML"
"X16977","Benchmark Adelante Sistema de recursos para maestros Grado 5 Unidad 7 Semana 1 HTML"
"X16978","Benchmark Adelante Sistema de recursos para maestros Grado 5 Unidad 7 Semana 2 HTML"
"X16978","Benchmark Adelante Sistema de recursos para maestros Grado 5 Unidad 7 Semana 2 HTML"
"X16979","Benchmark Adelante Sistema de recursos para maestros Grado 5 Unidad 7 Semana 3 HTML"
"X16979","Benchmark Adelante Sistema de recursos para maestros Grado 5 Unidad 7 Semana 3 HTML"
"X16980","Benchmark Adelante Sistema de recursos para maestros Grado 5 Unidad 8 Semana 1 HTML"
"X16981","Benchmark Adelante Sistema de recursos para maestros Grado 5 Unidad 8 Semana 2 HTML"
"X16981","Benchmark Adelante Sistema de recursos para maestros Grado 5 Unidad 8 Semana 2 HTML"
"X16982","Benchmark Adelante Sistema de recursos para maestros Grado 5 Unidad 8 Semana 3 HTML"
"X16982","Benchmark Adelante Sistema de recursos para maestros Grado 5 Unidad 8 Semana 3 HTML"
"X16983","Benchmark Adelante Sistema de recursos para maestros Grado 5 Unidad 9 Semana 1 HTML"
"X16983","Benchmark Adelante Sistema de recursos para maestros Grado 5 Unidad 9 Semana 1 HTML"
"X16984","Benchmark Adelante Sistema de recursos para maestros Grado 5 Unidad 9 Semana 2 HTML"
"X16984","Benchmark Adelante Sistema de recursos para maestros Grado 5 Unidad 9 Semana 2 HTML"
"X16985","Benchmark Adelante Sistema de recursos para maestros Grado 5 Unidad 9 Semana 3 HTML"
"X16985","Benchmark Adelante Sistema de recursos para maestros Grado 5 Unidad 9 Semana 3 HTML"
"X16986","Benchmark Adelante Sistema de recursos para maestros Grado 5 Unidad 10 Semana 1 HTML"
"X16986","Benchmark Adelante Sistema de recursos para maestros Grado 5 Unidad 10 Semana 1 HTML"
"X16987","Benchmark Adelante Sistema de recursos para maestros Grado 5 Unidad 10 Semana 2 HTML"
"X16987","Benchmark Adelante Sistema de recursos para maestros Grado 5 Unidad 10 Semana 2 HTML"
"X16988","Benchmark Adelante Sistema de recursos para maestros Grado 5 Unidad 10 Semana 3 HTML"
"X16988","Benchmark Adelante Sistema de recursos para maestros Grado 5 Unidad 10 Semana 3 HTML"
"X16989","Benchmark Adelante Sistema de recurso para maestros Grade 6 - California Edition HTML"
"X16990","Benchmark Adelante Sistema de recursos para maestros Grado 6 Unidad 1 HTML"
"X16991","Benchmark Adelante Sistema de recursos para maestros Grado 6 Unidad 2 HTML"
"X16991","Benchmark Adelante Sistema de recursos para maestros Grado 6 Unidad 2 HTML"
"X16992","Benchmark Adelante Sistema de recursos para maestros Grado 6 Unidad 3 HTML"
"X16993","Benchmark Adelante Sistema de recursos para maestros Grado 6 Unidad 4 HTML"
"X16993","Benchmark Adelante Sistema de recursos para maestros Grado 6 Unidad 4 HTML"
"X16994","Benchmark Adelante Sistema de recursos para maestros Grado 6 Unidad 5 HTML"
"X16994","Benchmark Adelante Sistema de recursos para maestros Grado 6 Unidad 5 HTML"
"X16995","Benchmark Adelante Sistema de recursos para maestros Grado 6 Unidad 6 HTML"
"X16995","Benchmark Adelante Sistema de recursos para maestros Grado 6 Unidad 6 HTML"
"X16996","Benchmark Adelante Sistema de recursos para maestros Grado 6 Unidad 7 HTML"
"X16997","Benchmark Adelante Sistema de recursos para maestros Grado 6 Unidad 8 HTML"
"X16997","Benchmark Adelante Sistema de recursos para maestros Grado 6 Unidad 8 HTML"
"X16998","Benchmark Adelante Sistema de recursos para maestros Grado 6 Unidad 9 HTML"
"X16998","Benchmark Adelante Sistema de recursos para maestros Grado 6 Unidad 9 HTML"
"X16999","Benchmark Adelante Sistema de recursos para maestros Grado 6 Unidad 10 HTML"
"X17000","Benchmark Adelante Sistema de recursos para maestros Grado 6 Unidad 1 Semana 1 HTML"
"X17001","Benchmark Adelante Sistema de recursos para maestros Grado 6 Unidad 1 Semana 2 HTML"
"X17001","Benchmark Adelante Sistema de recursos para maestros Grado 6 Unidad 1 Semana 2 HTML"
"X17002","Benchmark Adelante Sistema de recursos para maestros Grado 6 Unidad 1 Semana 3 HTML"
"X17002","Benchmark Adelante Sistema de recursos para maestros Grado 6 Unidad 1 Semana 3 HTML"
"X17003","Benchmark Adelante Sistema de recursos para maestros Grado 6 Unidad 2 Semana 1 HTML"
"X17003","Benchmark Adelante Sistema de recursos para maestros Grado 6 Unidad 2 Semana 1 HTML"
"X17004","Benchmark Adelante Sistema de recursos para maestros Grado 6 Unidad 2 Semana 2 HTML"
"X17004","Benchmark Adelante Sistema de recursos para maestros Grado 6 Unidad 2 Semana 2 HTML"
"X17005","Benchmark Adelante Sistema de recursos para maestros Grado 6 Unidad 2 Semana 3 HTML"
"X17006","Benchmark Adelante Sistema de recursos para maestros Grado 6 Unidad 3 Semana 1 HTML"
"X17007","Benchmark Adelante Sistema de recursos para maestros Grado 6 Unidad 3 Semana 2 HTML"
"X17007","Benchmark Adelante Sistema de recursos para maestros Grado 6 Unidad 3 Semana 2 HTML"
"X17008","Benchmark Adelante Sistema de recursos para maestros Grado 6 Unidad 3 Semana 3 HTML"
"X17008","Benchmark Adelante Sistema de recursos para maestros Grado 6 Unidad 3 Semana 3 HTML"
"X17009","Benchmark Adelante Sistema de recursos para maestros Grado 6 Unidad 4 Semana 1 HTML"
"X17009","Benchmark Adelante Sistema de recursos para maestros Grado 6 Unidad 4 Semana 1 HTML"
"X17010","Benchmark Adelante Sistema de recursos para maestros Grado 6 Unidad 4 Semana 2 HTML"
"X17010","Benchmark Adelante Sistema de recursos para maestros Grado 6 Unidad 4 Semana 2 HTML"
"X17011","Benchmark Adelante Sistema de recursos para maestros Grado 6 Unidad 4 Semana 3 HTML"
"X17011","Benchmark Adelante Sistema de recursos para maestros Grado 6 Unidad 4 Semana 3 HTML"
"X17012","Benchmark Adelante Sistema de recursos para maestros Grado 6 Unidad 5 Semana 1 HTML"
"X17013","Benchmark Adelante Sistema de recursos para maestros Grado 6 Unidad 5 Semana 2 HTML"
"X17014","Benchmark Adelante Sistema de recursos para maestros Grado 6 Unidad 5 Semana 3 HTML"
"X17014","Benchmark Adelante Sistema de recursos para maestros Grado 6 Unidad 5 Semana 3 HTML"
"X17015","Benchmark Adelante Sistema de recursos para maestros Grado 6 Unidad 6 Semana 1 HTML"
"X17015","Benchmark Adelante Sistema de recursos para maestros Grado 6 Unidad 6 Semana 1 HTML"
"X17016","Benchmark Adelante Sistema de recursos para maestros Grado 6 Unidad 6 Semana 2 HTML"
"X17017","Benchmark Adelante Sistema de recursos para maestros Grado 6 Unidad 6 Semana 3 HTML"
"X17017","Benchmark Adelante Sistema de recursos para maestros Grado 6 Unidad 6 Semana 3 HTML"
"X17018","Benchmark Adelante Sistema de recursos para maestros Grado 6 Unidad 7 Semana 1 HTML"
"X17018","Benchmark Adelante Sistema de recursos para maestros Grado 6 Unidad 7 Semana 1 HTML"
"X17019","Benchmark Adelante Sistema de recursos para maestros Grado 6 Unidad 7 Semana 2 HTML"
"X17020","Benchmark Adelante Sistema de recursos para maestros Grado 6 Unidad 7 Semana 3 HTML"
"X17020","Benchmark Adelante Sistema de recursos para maestros Grado 6 Unidad 7 Semana 3 HTML"
"X17021","Benchmark Adelante Sistema de recursos para maestros Grado 6 Unidad 8 Semana 1 HTML"
"X17022","Benchmark Adelante Sistema de recursos para maestros Grado 6 Unidad 8 Semana 2 HTML"
"X17023","Benchmark Adelante Sistema de recursos para maestros Grado 6 Unidad 8 Semana 3 HTML"
"X17023","Benchmark Adelante Sistema de recursos para maestros Grado 6 Unidad 8 Semana 3 HTML"
"X17024","Benchmark Adelante Sistema de recursos para maestros Grado 6 Unidad 9 Semana 1 HTML"
"X17024","Benchmark Adelante Sistema de recursos para maestros Grado 6 Unidad 9 Semana 1 HTML"
"X17025","Benchmark Adelante Sistema de recursos para maestros Grado 6 Unidad 9 Semana 2 HTML"
"X17025","Benchmark Adelante Sistema de recursos para maestros Grado 6 Unidad 9 Semana 2 HTML"
"X17026","Benchmark Adelante Sistema de recursos para maestros Grado 6 Unidad 9 Semana 3 HTML"
"X17027","Benchmark Adelante Sistema de recursos para maestros Grado 6 Unidad 10 Semana 1 HTML"
"X17027","Benchmark Adelante Sistema de recursos para maestros Grado 6 Unidad 10 Semana 1 HTML"
"X17028","Benchmark Adelante Sistema de recursos para maestros Grado 6 Unidad 10 Semana 2 HTML"
"X17028","Benchmark Adelante Sistema de recursos para maestros Grado 6 Unidad 10 Semana 2 HTML"
"X17029","Benchmark Adelante Sistema de recursos para maestros Grado 6 Unidad 10 Semana 3 HTML"
"X17029","Benchmark Adelante Sistema de recursos para maestros Grado 6 Unidad 10 Semana 3 HTML"