"Product Code","Catalog Title"
"Y26309","Benchmark Advance Teacher's Resource System Kindergarten Volume 1 - National Pilot"
"Y26310","Benchmark Advance Teacher's Resource System Kindergarten Volume 2 - National Pilot"
"Y26311","Benchmark Advance Teacher's Resource System Kindergarten Volume 3 - National Pilot"
"Y26312","Benchmark Advance Teacher's Resource System Kindergarten Volume 4 - National Pilot"
"Y26313","Benchmark Advance Teacher's Resource System Kindergarten Volume 5 - National Pilot"
"Y26314","Benchmark Advance Teacher's Resource System Grade 1 Volume 1 - National Pilot"
"Y26315","Benchmark Advance Teacher's Resource System Grade 1 Volume 2 - National Pilot"
"Y26316","Benchmark Advance Teacher's Resource System Grade 1 Volume 3 - National Pilot"
"Y26317","Benchmark Advance Teacher's Resource System Grade 1 Volume 4 - National Pilot"
"Y26318","Benchmark Advance Teacher's Resource System Grade 1 Volume 5 - National Pilot"
"Y26319","Benchmark Advance Teacher's Resource System Grade 2 Volume 1 - National Pilot"
"Y26320","Benchmark Advance Teacher's Resource System Grade 2 Volume 2 - National Pilot"
"Y26321","Benchmark Advance Teacher's Resource System Grade 2 Volume 3 - National Pilot"
"Y26322","Benchmark Advance Teacher's Resource System Grade 2 Volume 4 - National Pilot"
"Y26323","Benchmark Advance Teacher's Resource System Grade 2 Volume 5 - National Pilot"
"Y26324","Benchmark Advance Teacher's Resource System Grade 3 Volume 1 - National Pilot"
"Y26325","Benchmark Advance Teacher's Resource System Grade 3 Volume 2 - National Pilot"
"Y26326","Benchmark Advance Teacher's Resource System Grade 3 Volume 3 - National Pilot"
"Y26327","Benchmark Advance Teacher's Resource System Grade 3 Volume 4 - National Pilot"
"Y26328","Benchmark Advance Teacher's Resource System Grade 3 Volume 5 - National Pilot"
"Y26329","Benchmark Advance Teacher's Resource System Grade 4 Volume 1 - National Pilot"
"Y26330","Benchmark Advance Teacher's Resource System Grade 4 Volume 2 - National Pilot"
"Y26331","Benchmark Advance Teacher's Resource System Grade 4 Volume 3 - National Pilot"
"Y26332","Benchmark Advance Teacher's Resource System Grade 4 Volume 4 - National Pilot"
"Y26333","Benchmark Advance Teacher's Resource System Grade 4 Volume 5 - National Pilot"
"Y26334","Benchmark Advance Teacher's Resource System Grade 5 Volume 1 - National Pilot"
"Y26335","Benchmark Advance Teacher's Resource System Grade 5 Volume 2 - National Pilot"
"Y26336","Benchmark Advance Teacher's Resource System Grade 5 Volume 3 - National Pilot"
"Y26337","Benchmark Advance Teacher's Resource System Grade 5 Volume 4 - National Pilot"
"Y26338","Benchmark Advance Teacher's Resource System Grade 5 Volume 5 - National Pilot"
"Y26339","Benchmark Advance Teacher's Resource System Grade 6 Volume 1 - National Pilot"
"Y26340","Benchmark Advance Teacher's Resource System Grade 6 Volume 2 - National Pilot"
"Y26341","Benchmark Advance Teacher's Resource System Grade 6 Volume 3 - National Pilot"
"Y26342","Benchmark Advance Teacher's Resource System Grade 6 Volume 4 - National Pilot"
"Y26343","Benchmark Advance Teacher's Resource System Grade 6 Volume 5 - National Pilot"
"Y26345","Grade K My Shared Readings Consumable - National Pilot Edition"
"Y26346","Grade 1 My Shared Readings Consumable - National Pilot Edition"
"Y26361","Grade K Weekly and Unit Assessment - National Pilot Edition"
"Y26362","Grade K Benchmark Interim Assessments - National Pilot Edition"
"Y26365","Grade 1 Weekly and Unit Assessment - National Pilot Edition"
"Y26366","Grade 1 Benchmark Interim Assessments - National Pilot Edition"
"Y26367","Grade 2 Weekly and Unit Assessment - National Pilot Edition"
"Y26368","Grade 2 Benchmark Interim Assessments and Perfomance Tasks - National Pilot Edition"
"Y26369","Grade 3 Weekly and Unit Assessment - National Pilot Edition"
"Y26370","Grade 3 Benchmark Interim Assessments and Perfomance Task - National Pilot Edition"
"Y26371","Grade 4 Weekly and Unit Assessment - National Pilot Edition"
"Y26372","Grade 4 Benchmark Interim Assessments and Perfomance Tasks - National Pilot Edition"
"Y26373","Grade 5 Weekly and Unit Assessment - National Pilot Edition"
"Y26374","Grade 5 Benchmark Interim Assessments and Perfomance Tasks - National Pilot Edition"
"Y26375","Grade 6 Weekly and Unit Assessment - National Pilot Edition"
"Y26376","Grade 6 Benchmark Interim Assessments and Perfomance Tasks - National Pilot Edition"
"Y26377","Texts for Close Reading Grade 2 Unit 1 Government at Work - National Pilot Edition"
"Y26378","Texts for Close Reading Grade 3 Unit 1 Government for People - National Pilot Edition"
"Y26379","Texts for Close Reading Grade 4 Unit 1 Government in Action - National Pilot Edition"
"Y26380","Texts for Close Reading Grade 5 Unit 1 The US Constitution: Then and Now - National Pilot Edition"
"Y26381","Texts for Close Reading Grade 6 Unit 1 Beyond Democracy - National Pilot Edition"
"Y26382","Texts for English Language Development Kindergarten - National Pilot Edition"
"Y26383","Texts for English Language Development Grade 1 - National Pilot Edition"
"Y26384","Texts for English Language Development Grade 2 - National Pilot Edition"
"Y26385","Texts for English Language Development Grade 3 - National Pilot Edition"
"Y26386","Texts for English Language Development Grade 4 - National Pilot Edition"
"Y26387","Texts for English Language Development Grade 5 - National Pilot Edition"
"Y26388","Texts for English Language Development Grade 6 - National Pilot Edition"
"Y26389","English Language Development Assessment Grade K - National Pilot Edition"
"Y26390","English Language Development Assessment Grade 1 - National Pilot Edition"
"Y26391","English Language Development Assessment Grade 2 - National Pilot Edition"
"Y26392","English Language Development Assessment Grade 3 - National Pilot Edition"
"Y26393","English Language Development Assessment Grade 4 - National Pilot Edition "
"Y26394","English Language Development Assessment Grade 5 - National Pilot Edition "
"Y26395","English Language Development Assessment Grade 6 - National Pilot Edition "
"Y26396","Intervention Print Concepts Grade K - National Pilot Edition"
"Y26397","Intervention Phonological Awareness Grade K - National Pilot Edition"
"Y26398","Intervention Phonics/Word Recognition Grade K - National Pilot Edition"
"Y26399","Intervention Fluency Grade K - National Pilot Edition"
"Y26400","Intervention Print Concepts Grade 1 - National Edition - National Pilot Edition"
"Y26401","Intervention Phonological Awareness Grade 1 - National Pilot Edition"
"Y26402","Intervention Phonics/Word Recognition Grade 1 - National Pilot Edition"
"Y26403","Intervention Fluency Grade 1 - National Pilot Edition"
"Y26404","Intervention Print Concepts Grade 2 - National Pilot Edition"
"Y26405","Intervention Phonological Awareness Grade 2 - National Pilot Edition"
"Y26406","Intervention Phonics/Word Recognition Grade 2 - National Pilot Edition"
"Y26407","Intervention Fluency Grade 2 - National Pilot Edition"
"Y26408","Intervention Print Concepts Grade 3 - National Pilot Edition"
"Y26409","Intervention Phonological Awareness Grade 3 - National Pilot Edition"
"Y26410","Intervention Phonics/Word Recognition Grade 3 - National Pilot Edition"
"Y26411","Intervention Fluency Grade 3 - National Pilot Edition"
"Y26412","Intervention Phonics/Word Recognition Grades 4-6 - National Pilot Edition"
"Y26413","Intervention Fluency Grades 4-6 - National Pilot Edition"
"X24314","Benchmark Advance Teacher's Resource System Kindergarten - National Pilot Edition HTML"
"X24315","Benchmark Advance Teacher's Resource System Kindergarten Unit 1 - National Pilot Edition HTML"
"X24316","Benchmark Advance Teacher's Resource System Kindergarten Unit 2 - National Pilot Edition HTML"
"X24317","Benchmark Advance Teacher's Resource System Kindergarten Unit 3 - National Pilot Edition HTML"
"X24318","Benchmark Advance Teacher's Resource System Kindergarten Unit 4 - National Pilot  Edition HTML"
"X24319","Benchmark Advance Teacher's Resource System Kindergarten Unit 5 - National Pilot  Edition HTML"
"X24320","Benchmark Advance Teacher's Resource System Kindergarten Unit 6 - National Pilot  Edition HTML"
"X24321","Benchmark Advance Teacher's Resource System Kindergarten Unit 7 - National Pilot  Edition HTML"
"X24322","Benchmark Advance Teacher's Resource System Kindergarten Unit 8 - National Pilot  Edition HTML"
"X24323","Benchmark Advance Teacher's Resource System Kindergarten Unit 9 - National Pilot  Edition HTML"
"X24324","Benchmark Advance Teacher's Resource System Kindergarten Unit 10 - National Pilot  Edition HTML"
"X24325","Benchmark Advance Teacher's Resource System Kindergarten Unit 1 Week 1 - National Pilot  Edition HTML"
"X24326","Benchmark Advance Teacher's Resource System Kindergarten Unit 1 Week 2 - National Pilot  Edition HTML"
"X24327","Benchmark Advance Teacher's Resource System Kindergarten Unit 1 Week 3 - National Pilot  Edition HTML"
"X24328","Benchmark Advance Teacher's Resource System Kindergarten Unit 2 Week 1 - National Pilot  Edition HTML"
"X24329","Benchmark Advance Teacher's Resource System Kindergarten Unit 2 Week 2 - National Pilot  Edition HTML"
"X24330","Benchmark Advance Teacher's Resource System Kindergarten Unit 2 Week 3 - National Pilot  Edition HTML"
"X24331","Benchmark Advance Teacher's Resource System Kindergarten Unit 3 Week 1 - National Pilot Edition HTML"
"X24332","Benchmark Advance Teacher's Resource System Kindergarten Unit 3 Week 2 - National Pilot Edition HTML"
"X24333","Benchmark Advance Teacher's Resource System Kindergarten Unit 3 Week 3 - National Pilot Edition HTML"
"X24334","Benchmark Advance Teacher's Resource System Kindergarten Unit 4 Week 1 - National Pilot Edition HTML"
"X24335","Benchmark Advance Teacher's Resource System Kindergarten Unit 4 Week 2 - National Pilot Edition HTML"
"X24336","Benchmark Advance Teacher's Resource System Kindergarten Unit 4 Week 3 - National Pilot Edition HTML"
"X24337","Benchmark Advance Teacher's Resource System Kindergarten Unit 5 Week 1 - National Pilot Edition HTML"
"X24338","Benchmark Advance Teacher's Resource System Kindergarten Unit 5 Week 2 - National Pilot Edition HTML"
"X24339","Benchmark Advance Teacher's Resource System Kindergarten Unit 5 Week 3 - National Pilot Edition HTML"
"X24340","Benchmark Advance Teacher's Resource System Kindergarten Unit 6 Week 1 - National Pilot Edition HTML"
"X24341","Benchmark Advance Teacher's Resource System Kindergarten Unit 6 Week 2 - National Pilot Edition HTML"
"X24342","Benchmark Advance Teacher's Resource System Kindergarten Unit 6 Week 3 - National Pilot Edition HTML"
"X24343","Benchmark Advance Teacher's Resource System Kindergarten Unit 7 Week 1 - National Pilot Edition HTML"
"X24344","Benchmark Advance Teacher's Resource System Kindergarten Unit 7 Week 2 - National Pilot Edition HTML"
"X24345","Benchmark Advance Teacher's Resource System Kindergarten Unit 7 Week 3 - National Pilot Edition HTML"
"X24346","Benchmark Advance Teacher's Resource System Kindergarten Unit 8 Week 1 - National Pilot Edition HTML"
"X24347","Benchmark Advance Teacher's Resource System Kindergarten Unit 8 Week 2 - National Pilot Edition HTML"
"X24348","Benchmark Advance Teacher's Resource System Kindergarten Unit 8 Week 3 - National Pilot Edition HTML"
"X24349","Benchmark Advance Teacher's Resource System Kindergarten Unit 9 Week 1 - National Pilot Edition HTML"
"X24350","Benchmark Advance Teacher's Resource System Kindergarten Unit 9 Week 2 - National Pilot Edition HTML"
"X24351","Benchmark Advance Teacher's Resource System Kindergarten Unit 9 Week 3 - National Pilot Edition HTML"
"X24352","Benchmark Advance Teacher's Resource System Kindergarten Unit 10 Week 1 - National Pilot Edition HTML"
"X24353","Benchmark Advance Teacher's Resource System Kindergarten Unit 10 Week 2 - National Pilot Edition HTML"
"X24354","Benchmark Advance Teacher's Resource System Kindergarten Unit 10 Week 3 - National Pilot Edition HTML"
"X24355","Benchmark Advance Teacher's Resource System Grade 1 - National Pilot Edition HTML"
"X24356","Benchmark Advance Teacher's Resource System Grade 1 Unit 1 - National Pilot Edition HTML"
"X24357","Benchmark Advance Teacher's Resource System Grade 1 Unit 2 - National Pilot Edition HTML"
"X24358","Benchmark Advance Teacher's Resource System Grade 1 Unit 3 - National Pilot Edition HTML"
"X24359","Benchmark Advance Teacher's Resource System Grade 1 Unit 4 - National Pilot Edition HTML"
"X24360","Benchmark Advance Teacher's Resource System Grade 1 Unit 5 - National Pilot Edition HTML"
"X24361","Benchmark Advance Teacher's Resource System Grade 1 Unit 6 - National Pilot Edition HTML"
"X24362","Benchmark Advance Teacher's Resource System Grade 1 Unit 7 - National Pilot Edition HTML"
"X24363","Benchmark Advance Teacher's Resource System Grade 1 Unit 8 - National Pilot Edition HTML"
"X24364","Benchmark Advance Teacher's Resource System Grade 1 Unit 9 - National Pilot Edition HTML"
"X24365","Benchmark Advance Teacher's Resource System Grade 1 Unit 10 - National Pilot Edition HTML"
"X24366","Benchmark Advance Teacher's Resource System Grade 1 Unit 1 Week 1 - National Pilot Edition HTML"
"X24367","Benchmark Advance Teacher's Resource System Grade 1 Unit 1 Week 2 - National Pilot Edition HTML"
"X24368","Benchmark Advance Teacher's Resource System Grade 1 Unit 1 Week 3 - National Pilot Edition HTML"
"X24369","Benchmark Advance Teacher's Resource System Grade 1 Unit 2 Week 1 - National Pilot Edition HTML"
"X24370","Benchmark Advance Teacher's Resource System Grade 1 Unit 2 Week 2 - National Pilot Edition HTML"
"X24371","Benchmark Advance Teacher's Resource System Grade 1 Unit 2 Week 3 - National Pilot Edition HTML"
"X24372","Benchmark Advance Teacher's Resource System Grade 1 Unit 3 Week 1 - National Pilot Edition HTML"
"X24373","Benchmark Advance Teacher's Resource System Grade 1 Unit 3 Week 2 - National Pilot Edition HTML"
"X24374","Benchmark Advance Teacher's Resource System Grade 1 Unit 3 Week 3 - National Pilot Edition HTML"
"X24375","Benchmark Advance Teacher's Resource System Grade 1 Unit 4 Week 1 - National Pilot Edition HTML"
"X24376","Benchmark Advance Teacher's Resource System Grade 1 Unit 4 Week 2 - National Pilot Edition HTML"
"X24377","Benchmark Advance Teacher's Resource System Grade 1 Unit 4 Week 3 - National Pilot Edition HTML"
"X24378","Benchmark Advance Teacher's Resource System Grade 1 Unit 5 Week 1 - National Pilot Edition HTML"
"X24379","Benchmark Advance Teacher's Resource System Grade 1 Unit 5 Week 2 - National Pilot Edition HTML"
"X24380","Benchmark Advance Teacher's Resource System Grade 1 Unit 5 Week 3 - National Pilot Edition HTML"
"X24381","Benchmark Advance Teacher's Resource System Grade 1 Unit 6 Week 1 - National Pilot Edition HTML"
"X24382","Benchmark Advance Teacher's Resource System Grade 1 Unit 6 Week 2 - National Pilot Edition HTML"
"X24383","Benchmark Advance Teacher's Resource System Grade 1 Unit 6 Week 3 - National Pilot Edition HTML"
"X24384","Benchmark Advance Teacher's Resource System Grade 1 Unit 7 Week 1 - National Pilot Edition HTML"
"X24385","Benchmark Advance Teacher's Resource System Grade 1 Unit 7 Week 2 - National Pilot Edition HTML"
"X24386","Benchmark Advance Teacher's Resource System Grade 1 Unit 7 Week 3 - National Pilot Edition HTML"
"X24387","Benchmark Advance Teacher's Resource System Grade 1 Unit 8 Week 1 - National Pilot Edition HTML"
"X24388","Benchmark Advance Teacher's Resource System Grade 1 Unit 8 Week 2 - National Pilot Edition HTML"
"X24389","Benchmark Advance Teacher's Resource System Grade 1 Unit 8 Week 3 - National Pilot Edition HTML"
"X24390","Benchmark Advance Teacher's Resource System Grade 1 Unit 9 Week 1 - National Pilot Edition HTML"
"X24391","Benchmark Advance Teacher's Resource System Grade 1 Unit 9 Week 2 - National Pilot Edition HTML"
"X24392","Benchmark Advance Teacher's Resource System Grade 1 Unit 9 Week 3 - National Pilot Edition HTML"
"X24393","Benchmark Advance Teacher's Resource System Grade 1 Unit 10 Week 1 - National Pilot Edition HTML"
"X24394","Benchmark Advance Teacher's Resource System Grade 1 Unit 10 Week 2 - National Pilot Edition HTML"
"X24395","Benchmark Advance Teacher's Resource System Grade 1 Unit 10 Week 3 - National Pilot Edition HTML"
"X24396","Benchmark Advance Teacher's Resource System Grade 2 - National Pilot Edition HTML"
"X24397","Benchmark Advance Teacher's Resource System Grade 2 Unit 1 - National Pilot Edition HTML"
"X24398","Benchmark Advance Teacher's Resource System Grade 2 Unit 2 - National Pilot Edition HTML"
"X24399","Benchmark Advance Teacher's Resource System Grade 2 Unit 3 - National Pilot Edition HTML"
"X24400","Benchmark Advance Teacher's Resource System Grade 2 Unit 4 - National Pilot Edition HTML"
"X24401","Benchmark Advance Teacher's Resource System Grade 2 Unit 5 - National Pilot Edition HTML"
"X24402","Benchmark Advance Teacher's Resource System Grade 2 Unit 6 - National Pilot Edition HTML"
"X24403","Benchmark Advance Teacher's Resource System Grade 2 Unit 7 - National Pilot Edition HTML"
"X24404","Benchmark Advance Teacher's Resource System Grade 2 Unit 8 - National Pilot Edition HTML"
"X24405","Benchmark Advance Teacher's Resource System Grade 2 Unit 9 - National Pilot Edition HTML"
"X24406","Benchmark Advance Teacher's Resource System Grade 2 Unit 10 - National Pilot Edition HTML"
"X24407","Benchmark Advance Teacher's Resource System Grade 2 Unit 1 Week 1 - National PilotEdition HTML"
"X24408","Benchmark Advance Teacher's Resource System Grade 2 Unit 1 Week 2 - National Pilot EditionHTML"
"X24409","Benchmark Advance Teacher's Resource System Grade 2 Unit 1 Week 3 - National Pilot Edition HTML"
"X24410","Benchmark Advance Teacher's Resource System Grade 2 Unit 2 Week 1 - National Pilot Edition HTML"
"X24411","Benchmark Advance Teacher's Resource System Grade 2 Unit 2 Week 2 - National Pilot Edition HTML"
"X24412","Benchmark Advance Teacher's Resource System Grade 2 Unit 2 Week 3 - National Pilot Edition HTML"
"X24413","Benchmark Advance Teacher's Resource System Grade 2 Unit 3 Week 1 - National Pilot Edition HTML"
"X24414","Benchmark Advance Teacher's Resource System Grade 2 Unit 3 Week 2 - National Pilot Edition HTML"
"X24415","Benchmark Advance Teacher's Resource System Grade 2 Unit 3 Week 3 - National Pilot Edition HTML"
"X24416","Benchmark Advance Teacher's Resource System Grade 2 Unit 4 Week 1 - National Pilot Edition HTML"
"X24417","Benchmark Advance Teacher's Resource System Grade 2 Unit 4 Week 2 - National Pilot Edition HTML"
"X24418","Benchmark Advance Teacher's Resource System Grade 2 Unit 4 Week 3 - National Pilot Edition HTML"
"X24419","Benchmark Advance Teacher's Resource System Grade 2 Unit 5 Week 1 - National Pilot Edition HTML"
"X24420","Benchmark Advance Teacher's Resource System Grade 2 Unit 5 Week 2 - National Pilot Edition HTML"
"X24421","Benchmark Advance Teacher's Resource System Grade 2 Unit 5 Week 3 - National Pilot Edition HTML"
"X24422","Benchmark Advance Teacher's Resource System Grade 2 Unit 6 Week 1 - National Pilot Edition HTML"
"X24423","Benchmark Advance Teacher's Resource System Grade 2 Unit 6 Week 2 - National Pilot Edition HTML"
"X24424","Benchmark Advance Teacher's Resource System Grade 2 Unit 6 Week 3 - National Pilot Edition HTML"
"X24425","Benchmark Advance Teacher's Resource System Grade 2 Unit 7 Week 1 - National Pilot Edition HTML"
"X24426","Benchmark Advance Teacher's Resource System Grade 2 Unit 7 Week 2 - National Pilot Edition HTML"
"X24427","Benchmark Advance Teacher's Resource System Grade 2 Unit 7 Week 3 - National Pilot Edition HTML"
"X24428","Benchmark Advance Teacher's Resource System Grade 2 Unit 8 Week 1 - National Pilot Edition HTML"
"X24429","Benchmark Advance Teacher's Resource System Grade 2 Unit 8 Week 2 - National Pilot Edition HTML"
"X24430","Benchmark Advance Teacher's Resource System Grade 2 Unit 8 Week 3 - National Pilot Edition HTML"
"X24431","Benchmark Advance Teacher's Resource System Grade 2 Unit 9 Week 1 - National Pilot Edition HTML"
"X24432","Benchmark Advance Teacher's Resource System Grade 2 Unit 9 Week 2 - National Pilot Edition HTML"
"X24433","Benchmark Advance Teacher's Resource System Grade 2 Unit 9 Week 3 - National Pilot Edition HTML"
"X24434","Benchmark Advance Teacher's Resource System Grade 2 Unit 10 Week 1 - National Pilot Edition HTML"
"X24435","Benchmark Advance Teacher's Resource System Grade 2 Unit 10 Week 2 - National Pilot Edition HTML"
"X24436","Benchmark Advance Teacher's Resource System Grade 2 Unit 10 Week 3 - National Pilot Edition HTML"
"X24437","Benchmark Advance Teacher's Resource System Grade 3 - National Pilot Edition HTML"
"X24438","Benchmark Advance Teacher's Resource System Grade 3 Unit 1 - National Pilot Edition HTML"
"X24439","Benchmark Advance Teacher's Resource System Grade 3 Unit 2 - National Pilot Edition HTML"
"X24440","Benchmark Advance Teacher's Resource System Grade 3 Unit 3 - National Pilot Edition HTML"
"X24441","Benchmark Advance Teacher's Resource System Grade 3 Unit 4 - National Pilot Edition HTML"
"X24442","Benchmark Advance Teacher's Resource System Grade 3 Unit 5 - National Pilot Edition HTML"
"X24443","Benchmark Advance Teacher's Resource System Grade 3 Unit 6 - National Pilot Edition HTML"
"X24444","Benchmark Advance Teacher's Resource System Grade 3 Unit 7 - National Pilot Edition HTML"
"X24445","Benchmark Advance Teacher's Resource System Grade 3 Unit 8 - National Pilot Edition HTML"
"X24446","Benchmark Advance Teacher's Resource System Grade 3 Unit 9 - National Pilot Edition HTML"
"X24447","Benchmark Advance Teacher's Resource System Grade 3 Unit 10 - National Pilot Edition HTML"
"X24448","Benchmark Advance Teacher's Resource System Grade 3 Unit 1 Week 1 - National Pilot Edition HTML"
"X24449","Benchmark Advance Teacher's Resource System Grade 3 Unit 1 Week 2 - National Pilot Edition HTML"
"X24450","Benchmark Advance Teacher's Resource System Grade 3 Unit 1 Week 3 - National Pilot Edition HTML"
"X24451","Benchmark Advance Teacher's Resource System Grade 3 Unit 2 Week 1 - National Pilot Edition HTML"
"X24452","Benchmark Advance Teacher's Resource System Grade 3 Unit 2 Week 2 - National Pilot Edition HTML"
"X24453","Benchmark Advance Teacher's Resource System Grade 3 Unit 2 Week 3 - National Pilot Edition HTML"
"X24454","Benchmark Advance Teacher's Resource System Grade 3 Unit 3 Week 1 - National Pilot Edition HTML"
"X24455","Benchmark Advance Teacher's Resource System Grade 3 Unit 3 Week 2 - National Pilot Edition HTML"
"X24456","Benchmark Advance Teacher's Resource System Grade 3 Unit 3 Week 3 - National Pilot Edition HTML"
"X24457","Benchmark Advance Teacher's Resource System Grade 3 Unit 4 Week 1 - National Pilot Edition HTML"
"X24458","Benchmark Advance Teacher's Resource System Grade 3 Unit 4 Week 2 - National Pilot Edition HTML"
"X24459","Benchmark Advance Teacher's Resource System Grade 3 Unit 4 Week 3 - National Pilot Edition HTML"
"X24460","Benchmark Advance Teacher's Resource System Grade 3 Unit 5 Week 1 - National Pilot Edition HTML"
"X24461","Benchmark Advance Teacher's Resource System Grade 3 Unit 5 Week 2 - National Pilot Edition HTML"
"X24462","Benchmark Advance Teacher's Resource System Grade 3 Unit 5 Week 3 - National Pilot Edition HTML"
"X24463","Benchmark Advance Teacher's Resource System Grade 3 Unit 6 Week 1 - National Pilot Edition HTML"
"X24464","Benchmark Advance Teacher's Resource System Grade 3 Unit 6 Week 2 - National Pilot Edition HTML"
"X24465","Benchmark Advance Teacher's Resource System Grade 3 Unit 6 Week 3 - National Pilot Edition HTML"
"X24466","Benchmark Advance Teacher's Resource System Grade 3 Unit 7 Week 1 - National Pilot Edition HTML"
"X24467","Benchmark Advance Teacher's Resource System Grade 3 Unit 7 Week 2 - National Pilot Edition HTML"
"X24468","Benchmark Advance Teacher's Resource System Grade 3 Unit 7 Week 3 - National Pilot Edition HTML"
"X24469","Benchmark Advance Teacher's Resource System Grade 3 Unit 8 Week 1 - National Pilot Edition HTML"
"X24470","Benchmark Advance Teacher's Resource System Grade 3 Unit 8 Week 2 - National Pilot Edition HTML"
"X24471","Benchmark Advance Teacher's Resource System Grade 3 Unit 8 Week 3 - National Pilot Edition HTML"
"X24472","Benchmark Advance Teacher's Resource System Grade 3 Unit 9 Week 1 - National Pilot Edition HTML"
"X24473","Benchmark Advance Teacher's Resource System Grade 3 Unit 9 Week 2 - National Pilot Edition HTML"
"X24474","Benchmark Advance Teacher's Resource System Grade 3 Unit 9 Week 3 - National Pilot Edition HTML"
"X24475","Benchmark Advance Teacher's Resource System Grade 3 Unit 10 Week 1 - National Pilot Edition HTML"
"X24476","Benchmark Advance Teacher's Resource System Grade 3 Unit 10 Week 2 - National Pilot Edition HTML"
"X24477","Benchmark Advance Teacher's Resource System Grade 3 Unit 10 Week 3 - National Pilot Edition HTML"
"X24478","Benchmark Advance Teacher's Resource System Grade 4 - National Pilot Edition HTML"
"X24479","Benchmark Advance Teacher's Resource System Grade 4 Unit 1 - National Pilot Edition HTML"
"X24480","Benchmark Advance Teacher's Resource System Grade 4 Unit 2 - National Pilot Edition HTML"
"X24481","Benchmark Advance Teacher's Resource System Grade 4 Unit 3 - National Pilot Edition HTML"
"X24482","Benchmark Advance Teacher's Resource System Grade 4 Unit 4 - National Pilot Edition HTML"
"X24483","Benchmark Advance Teacher's Resource System Grade 4 Unit 5 - National Pilot Edition HTML"
"X24484","Benchmark Advance Teacher's Resource System Grade 4 Unit 6 - National Pilot Edition HTML"
"X24485","Benchmark Advance Teacher's Resource System Grade 4 Unit 7 - National Pilot Edition HTML"
"X24486","Benchmark Advance Teacher's Resource System Grade 4 Unit 8 - National Pilot Edition HTML"
"X24487","Benchmark Advance Teacher's Resource System Grade 4 Unit 9 - National Pilot Edition HTML"
"X24488","Benchmark Advance Teacher's Resource System Grade 4 Unit 10 - National Pilot Edition HTML"
"X24489","Benchmark Advance Teacher's Resource System Grade 4 Unit 1 Week 1 - National Pilot Edition HTML"
"X24490","Benchmark Advance Teacher's Resource System Grade 4 Unit 1 Week 2 - National Pilot Edition HTML"
"X24491","Benchmark Advance Teacher's Resource System Grade 4 Unit 1 Week 3 - National Pilot Edition HTML"
"X24492","Benchmark Advance Teacher's Resource System Grade 4 Unit 2 Week 1 - National Pilot Edition HTML"
"X24493","Benchmark Advance Teacher's Resource System Grade 4 Unit 2 Week 2 - National Pilot Edition HTML"
"X24494","Benchmark Advance Teacher's Resource System Grade 4 Unit 2 Week 3 - National Pilot Edition HTML"
"X24495","Benchmark Advance Teacher's Resource System Grade 4 Unit 3 Week 1 - National Pilot Edition HTML"
"X24496","Benchmark Advance Teacher's Resource System Grade 4 Unit 3 Week 2 - National Pilot Edition HTML"
"X24497","Benchmark Advance Teacher's Resource System Grade 4 Unit 3 Week 3 - National Pilot Edition HTML"
"X24498","Benchmark Advance Teacher's Resource System Grade 4 Unit 4 Week 1 - National Pilot Edition HTML"
"X24499","Benchmark Advance Teacher's Resource System Grade 4 Unit 4 Week 2 - National Pilot Edition HTML"
"X24500","Benchmark Advance Teacher's Resource System Grade 4 Unit 4 Week 3 - National Pilot Edition HTML"
"X24501","Benchmark Advance Teacher's Resource System Grade 4 Unit 5 Week 1 - National Pilot Edition HTML"
"X24502","Benchmark Advance Teacher's Resource System Grade 4 Unit 5 Week 2 - National Pilot Edition HTML"
"X24503","Benchmark Advance Teacher's Resource System Grade 4 Unit 5 Week 3 - National Pilot Edition HTML"
"X24504","Benchmark Advance Teacher's Resource System Grade 4 Unit 6 Week 1 - National Pilot Edition HTML"
"X24505","Benchmark Advance Teacher's Resource System Grade 4 Unit 6 Week 2 - National Pilot Edition HTML"
"X24506","Benchmark Advance Teacher's Resource System Grade 4 Unit 6 Week 3 - National Pilot Edition HTML"
"X24507","Benchmark Advance Teacher's Resource System Grade 4 Unit 7 Week 1 - National Pilot Edition HTML"
"X24508","Benchmark Advance Teacher's Resource System Grade 4 Unit 7 Week 2 - National Pilot Edition HTML"
"X24509","Benchmark Advance Teacher's Resource System Grade 4 Unit 7 Week 3 - National Pilot Edition HTML"
"X24510","Benchmark Advance Teacher's Resource System Grade 4 Unit 8 Week 1 - National Pilot Edition HTML"
"X24511","Benchmark Advance Teacher's Resource System Grade 4 Unit 8 Week 2 - National Pilot Edition HTML"
"X24512","Benchmark Advance Teacher's Resource System Grade 4 Unit 8 Week 3 - National Pilot Edition HTML"
"X24513","Benchmark Advance Teacher's Resource System Grade 4 Unit 9 Week 1 - National Pilot Edition HTML"
"X24514","Benchmark Advance Teacher's Resource System Grade 4 Unit 9 Week 2 - National Pilot Edition HTML"
"X24515","Benchmark Advance Teacher's Resource System Grade 4 Unit 9 Week 3 - National Pilot Edition HTML"
"X24516","Benchmark Advance Teacher's Resource System Grade 4 Unit 10 Week 1 - National Pilot Edition HTML"
"X24517","Benchmark Advance Teacher's Resource System Grade 4 Unit 10 Week 2 - National Pilot Edition HTML"
"X24518","Benchmark Advance Teacher's Resource System Grade 4 Unit 10 Week 3 - National Pilot Edition HTML"
"X24519","Benchmark Advance Teacher's Resource System Grade 5 - National Pilot Edition HTML"
"X24520","Benchmark Advance Teacher's Resource System Grade 5 Unit 1 - National Pilot Edition HTML"
"X24521","Benchmark Advance Teacher's Resource System Grade 5 Unit 2 - National Pilot Edition HTML"
"X24522","Benchmark Advance Teacher's Resource System Grade 5 Unit 3 - National Pilot Edition HTML"
"X24523","Benchmark Advance Teacher's Resource System Grade 5 Unit 4 - National Pilot Edition HTML"
"X24524","Benchmark Advance Teacher's Resource System Grade 5 Unit 5 - National Pilot Edition HTML"
"X24525","Benchmark Advance Teacher's Resource System Grade 5 Unit 6 - National Pilot Edition HTML"
"X24526","Benchmark Advance Teacher's Resource System Grade 5 Unit 7 - National Pilot Edition HTML"
"X24527","Benchmark Advance Teacher's Resource System Grade 5 Unit 8 - National Pilot Edition HTML"
"X24528","Benchmark Advance Teacher's Resource System Grade 5 Unit 9 - National Pilot Edition HTML"
"X24529","Benchmark Advance Teacher's Resource System Grade 5 Unit 10 - National Pilot Edition HTML"
"X24530","Benchmark Advance Teacher's Resource System Grade 5 Unit 1 Week 1 - National Pilot Edition HTML"
"X24531","Benchmark Advance Teacher's Resource System Grade 5 Unit 1 Week 2 - National Pilot Edition HTML"
"X24532","Benchmark Advance Teacher's Resource System Grade 5 Unit 1 Week 3 - National Pilot Edition HTML"
"X24533","Benchmark Advance Teacher's Resource System Grade 5 Unit 2 Week 1 - National Pilot Edition HTML"
"X24534","Benchmark Advance Teacher's Resource System Grade 5 Unit 2 Week 2 - National Pilot Edition HTML"
"X24535","Benchmark Advance Teacher's Resource System Grade 5 Unit 2 Week 3 - National Pilot Edition HTML"
"X24536","Benchmark Advance Teacher's Resource System Grade 5 Unit 3 Week 1 - National Pilot Edition HTML"
"X24537","Benchmark Advance Teacher's Resource System Grade 5 Unit 3 Week 2 - National Pilot Edition HTML"
"X24538","Benchmark Advance Teacher's Resource System Grade 5 Unit 3 Week 3 - National Pilot Edition HTML"
"X24539","Benchmark Advance Teacher's Resource System Grade 5 Unit 4 Week 1 - National Pilot Edition HTML"
"X24540","Benchmark Advance Teacher's Resource System Grade 5 Unit 4 Week 2 - National Pilot Edition HTML"
"X24541","Benchmark Advance Teacher's Resource System Grade 5 Unit 4 Week 3 - National Pilot Edition HTML"
"X24542","Benchmark Advance Teacher's Resource System Grade 5 Unit 5 Week 1 - National Pilot Edition HTML"
"X24543","Benchmark Advance Teacher's Resource System Grade 5 Unit 5 Week 2 - National Pilot Edition HTML"
"X24544","Benchmark Advance Teacher's Resource System Grade 5 Unit 5 Week 3 - National Pilot Edition HTML"
"X24545","Benchmark Advance Teacher's Resource System Grade 5 Unit 6 Week 1 - National Pilot Edition HTML"
"X24546","Benchmark Advance Teacher's Resource System Grade 5 Unit 6 Week 2 - National Pilot Edition HTML"
"X24547","Benchmark Advance Teacher's Resource System Grade 5 Unit 6 Week 3 - National Pilot Edition HTML"
"X24548","Benchmark Advance Teacher's Resource System Grade 5 Unit 7 Week 1 - National Pilot Edition HTML"
"X24549","Benchmark Advance Teacher's Resource System Grade 5 Unit 7 Week 2 - National Pilot Edition HTML"
"X24550","Benchmark Advance Teacher's Resource System Grade 5 Unit 7 Week 3 - National Pilot Edition HTML"
"X24551","Benchmark Advance Teacher's Resource System Grade 5 Unit 8 Week 1 - National Pilot Edition HTML"
"X24552","Benchmark Advance Teacher's Resource System Grade 5 Unit 8 Week 2 - National Pilot Edition HTML"
"X24553","Benchmark Advance Teacher's Resource System Grade 5 Unit 8 Week 3 - National Pilot Edition HTML"
"X24554","Benchmark Advance Teacher's Resource System Grade 5 Unit 9 Week 1 - National Pilot Edition HTML"
"X24555","Benchmark Advance Teacher's Resource System Grade 5 Unit 9 Week 2 - National Pilot Edition HTML"
"X24556","Benchmark Advance Teacher's Resource System Grade 5 Unit 9 Week 3 - National Pilot Edition HTML"
"X24557","Benchmark Advance Teacher's Resource System Grade 5 Unit 10 Week 1 - National Pilot Edition HTML"
"X24558","Benchmark Advance Teacher's Resource System Grade 5 Unit 10 Week 2 - National Pilot Edition HTML"
"X24559","Benchmark Advance Teacher's Resource System Grade 5 Unit 10 Week 3 - National Pilot Edition HTML"
"X24560","Benchmark Advance Teacher's Resource System Grade 6 - National Pilot Edition HTML"
"X24561","Benchmark Advance Teacher's Resource System Grade 6 Unit 1 - National Pilot Edition HTML"
"X24562","Benchmark Advance Teacher's Resource System Grade 6 Unit 2 - National Pilot Edition HTML"
"X24563","Benchmark Advance Teacher's Resource System Grade 6 Unit 3 - National Pilot Edition HTML"
"X24564","Benchmark Advance Teacher's Resource System Grade 6 Unit 4 - National Pilot Edition HTML"
"X24565","Benchmark Advance Teacher's Resource System Grade 6 Unit 5 - National Pilot Edition HTML"
"X24566","Benchmark Advance Teacher's Resource System Grade 6 Unit 6 - National Pilot Edition HTML"
"X24567","Benchmark Advance Teacher's Resource System Grade 6 Unit 7 - National Pilot Edition HTML"
"X24568","Benchmark Advance Teacher's Resource System Grade 6 Unit 8 - National Pilot Edition HTML"
"X24569","Benchmark Advance Teacher's Resource System Grade 6 Unit 9 - National Pilot Edition HTML"
"X24570","Benchmark Advance Teacher's Resource System Grade 6 Unit 10 - National Pilot Edition HTML"
"X24571","Benchmark Advance Teacher's Resource System Grade 6 Unit 1 Week 1 - National Pilot Edition HTML"
"X24572","Benchmark Advance Teacher's Resource System Grade 6 Unit 1 Week 2 - National Pilot Edition HTML"
"X24573","Benchmark Advance Teacher's Resource System Grade 6 Unit 1 Week 3 - National Pilot Edition HTML"
"X24574","Benchmark Advance Teacher's Resource System Grade 6 Unit 2 Week 1 - National Pilot Edition HTML"
"X24575","Benchmark Advance Teacher's Resource System Grade 6 Unit 2 Week 2 - National Pilot Edition HTML"
"X24576","Benchmark Advance Teacher's Resource System Grade 6 Unit 2 Week 3 - National Pilot Edition HTML"
"X24577","Benchmark Advance Teacher's Resource System Grade 6 Unit 3 Week 1 - National Pilot Edition HTML"
"X24578","Benchmark Advance Teacher's Resource System Grade 6 Unit 3 Week 2 - National Pilot Edition HTML"
"X24579","Benchmark Advance Teacher's Resource System Grade 6 Unit 3 Week 3 - National Pilot Edition HTML"
"X24580","Benchmark Advance Teacher's Resource System Grade 6 Unit 4 Week 1 - National Pilot Edition HTML"
"X24581","Benchmark Advance Teacher's Resource System Grade 6 Unit 4 Week 2 - National Pilot Edition HTML"
"X24582","Benchmark Advance Teacher's Resource System Grade 6 Unit 4 Week 3 - National Pilot Edition HTML"
"X24583","Benchmark Advance Teacher's Resource System Grade 6 Unit 5 Week 1 - National Pilot Edition HTML"
"X24584","Benchmark Advance Teacher's Resource System Grade 6 Unit 5 Week 2 - National Pilot Edition HTML"
"X24585","Benchmark Advance Teacher's Resource System Grade 6 Unit 5 Week 3 - National Pilot Edition HTML"
"X24586","Benchmark Advance Teacher's Resource System Grade 6 Unit 6 Week 1 - National Pilot Edition HTML"
"X24587","Benchmark Advance Teacher's Resource System Grade 6 Unit 6 Week 2 - National Pilot Edition HTML"
"X24588","Benchmark Advance Teacher's Resource System Grade 6 Unit 6 Week 3 - National Pilot Edition HTML"
"X24589","Benchmark Advance Teacher's Resource System Grade 6 Unit 7 Week 1 - National Pilot Edition HTML"
"X24590","Benchmark Advance Teacher's Resource System Grade 6 Unit 7 Week 2 - National Pilot Edition HTML"
"X24591","Benchmark Advance Teacher's Resource System Grade 6 Unit 7 Week 3 - National Pilot Edition HTML"
"X24592","Benchmark Advance Teacher's Resource System Grade 6 Unit 8 Week 1 - National Pilot Edition HTML"
"X24593","Benchmark Advance Teacher's Resource System Grade 6 Unit 8 Week 2 - National Pilot Edition HTML"
"X24594","Benchmark Advance Teacher's Resource System Grade 6 Unit 8 Week 3 - National Pilot Edition HTML"
"X24595","Benchmark Advance Teacher's Resource System Grade 6 Unit 9 Week 1 - National Pilot Edition HTML"
"X24596","Benchmark Advance Teacher's Resource System Grade 6 Unit 9 Week 2 - National Pilot Edition HTML"
"X24597","Benchmark Advance Teacher's Resource System Grade 6 Unit 9 Week 3 - National Pilot Edition HTML"
"X24598","Benchmark Advance Teacher's Resource System Grade 6 Unit 10 Week 1 - National Pilot  Edition HTML"
"X24599","Benchmark Advance Teacher's Resource System Grade 6 Unit 10 Week 2 - National Pilot  Edition HTML"
"X24600","Benchmark Advance Teacher's Resource System Grade 6 Unit 10 Week 3 - National Pilot Edition HTML"
"X24601","Grade K Weekly and Unit Assessment - National Pilot Edition HTML"
"X24602","Grade K Benchmark Interim Assessments - National Pilot Edition HTML"
"X24603","Grade 1 Weekly and Unit Assessment - National Pilot Edition HTML"
"X24604","Grade 1 Benchmark Interim Assessments - National Pilot Edition HTML"
"X24605","Grade 2 Weekly and Unit Assessment - National Pilot Edition HTML"
"X24606","Grade 2 Benchmark Interim Assessments and Perfomance Tasks - National Pilot Edition HTML"
"X24607","Grade 3 Weekly and Unit Assessment - National Pilot Edition HTML"
"X24608","Grade 3 Benchmark Interim Assessments and Perfomance Tasks - National Pilot Edition HTML"
"X24609","Grade 4 Weekly and Unit Assessment - National Pilot Edition HTML"
"X24610","Grade 4 Benchmark Interim Assessments and Perfomance Tasks - National Pilot Edition HTML"
"X24611","Grade 5 Weekly and Unit Assessment - National Pilot Edition HTML"
"X24612","Grade 5 Benchmark Interim Assessments and Perfomance Tasks - National Pilot Edition HTML"
"X24613","Grade 6 Weekly and Unit Assessment - National Pilot Edition HTML"
"X24614","Grade 6 Benchmark Interim Assessments and Perfomance Tasks - National Pilot Edition HTML"
"X24615","English Language Development Assessment Grade K - National Pilot Edition Edition HTML"
"X24616","English Language Development Assessment Grade 1 - National Pilot Edition Edition HTML"
"X24617","English Language Development Assessment Grade 2 - National Pilot Edition Edition HTML"
"X24618","English Language Development Assessment Grade 3 - National Pilot Edition Edition HTML"
"X24619","English Language Development Assessment Grade 4 - National Pilot Edition Edition HTML"
"X24620","English Language Development Assessment Grade 5 - National Pilot Edition Edition HTML"
"X24621","English Language Development Assessment Grade 6 - National Pilot Edition Edition HTML"
,"Intervention Print Concepts Grade K - National Pilot Edition HTML"
,"Intervention Phonological Awareness Grade K - National Pilot Edition HTML"
,"Intervention Phonics/Word Recognition Grade K - National Pilot Edition HTML"
,"Intervention Fluency Grade K - National Pilot Edition HTML"
,"Intervention Print Concepts Grade 1 - National Pilot Edition HTML"
,"Intervention Phonological Awareness Grade 1 - National Pilot Edition HTML"
,"Intervention Phonics/Word Recognition Grade 1 - National Pilot Edition HTML"
,"Intervention Fluency Grade 1 - National Pilot Edition HTML"
,"Intervention Print Concepts Grade 2 - National Pilot Edition HTML"
,"Intervention Phonological Awareness Grade 2 - National Pilot Edition HTML"
,"Intervention Phonics/Word Recognition Grade 2 - National Pilot Edition HTML"
,"Intervention Fluency Grade 2 - National Pilot Edition HTML"
,"Intervention Print Concepts Grade 3 - National Pilot Edition HTML"
,"Intervention Phonological Awareness Grade 3 - National Pilot Edition HTML"
,"Intervention Phonics/Word Recognition Grade 3 - National Pilot Edition HTML"
,"Intervention Fluency Grade 3 - National Pilot Edition HTML"
,"Intervention Phonics/Word Recognition Grade 4 - National Pilot Edition HTML"
,"Intervention Fluency Grade 4 - National Pilot Edition HTML"
,"Intervention Phonics/Word Recognition Grade 5 - National Pilot Edition HTML"
,"Intervention Fluency Grade 5 - National Pilot Edition HTML"
,"Intervention Phonics/Word Recognition Grade 6 - National Pilot Edition HTML"
,"Intervention Fluency Grade 6 - National Pilot Edition HTML"
"X24622","Texts for Close Reading Grade 2 Government at Work HTML5 E-Book - National Pilot Edition"
"X24623","Texts for Close Reading Grade 3 Government for People HTML5 E-Book - National Pilot Edition"
"X24624","Texts for Close Reading Grade 4 Government in Action HTML5 E-Book - National Pilot Edition"
"X24625","Texts for Close Reading Grade 5 The US Constitution: Then and Now HTML5 E-Book - National Pilot Edition"
"X24626","Texts for Close Reading Grade 6 Beyond Democracy HTML5 E-Book - National Pilot Edition"
"X24933","Texts for English Language Development Kindergarten HTML5 E-Book National Pilot Edition"
"X24934","Texts for English Language Development Grade 1 HTML5 E-Book National Pilot Edition"
"X24935","Texts for English Language Development Grade 2 HTML5 E-Book National Pilot Edition"
"X24936","Texts for English Language Development Grade 3 HTML5 E-Book National Pilot Edition"
"X24937","Texts for English Language Development Grade 4 HTML5 E-Book National Pilot Edition"
"X24938","Texts for English Language Development Grade 5 HTML5 E-Book National Pilot Edition"
"X24939","Texts for English Language Development Grade 6 HTML5 E-Book National Pilot Edition"